"","geoid","tract.fips","tract.fips20","part.flag","part.flag20","pct.1990","pct.2000","state.fips","state.fips20","county.fips","county.fips20"
"194","0401301010004013010100","010100","010100"," "," ",100,100,"04","04","013","013"
"195","0401302020004013020201","020200","020201","P"," ",11.4,100,"04","04","013","013"
"196","0401302020004013020202","020200","020202","P","P",88.6,99.9,"04","04","013","013"
"197","0401342020604013020202","420206","020202","P","P",0.1,0.1,"04","04","013","013"
"198","0401342110104013020202","421101","020202","P","P",0,0,"04","04","013","013"
"199","0401342120104013020202","421201","020202","P","P",0,0,"04","04","013","013"
"200","0401303030204013030302","030302","030302"," "," ",100,100,"04","04","013","013"
"201","0401303030304013030303","030303","030303","P"," ",65,100,"04","04","013","013"
"202","0401303030404013030304","030304","030304"," "," ",100,100,"04","04","013","013"
"203","0401303030304013030307","030303","030307","P"," ",35,100,"04","04","013","013"
"204","0401303031404013030308","030314","030308","P"," ",28.2,100,"04","04","013","013"
"205","0401303030904013030309","030309","030309"," "," ",100,100,"04","04","013","013"
"206","0401303031404013030310","030314","030310","P"," ",30.2,100,"04","04","013","013"
"207","0401303031104013030311","030311","030311"," ","P",100,97,"04","04","013","013"
"208","0401303034004013030311","030340","030311","P","P",1.7,3,"04","04","013","013"
"209","0401303031204013030312","030312","030312"," ","P",100,89.9,"04","04","013","013"
"210","0401303031304013030312","030313","030312","P","P",11,10.1,"04","04","013","013"
"211","0401303031304013030313","030313","030313","P"," ",59.4,100,"04","04","013","013"
"212","0401303031404013030314","030314","030314","P"," ",41.6,100,"04","04","013","013"
"213","0401303031504013030315","030315","030315"," "," ",100,100,"04","04","013","013"
"214","0401303032104013030316","030321","030316","P"," ",42,100,"04","04","013","013"
"215","0401303031804013030318","030318","030318"," "," ",100,100,"04","04","013","013"
"216","0401303031904013030319","030319","030319"," "," ",100,100,"04","04","013","013"
"217","0401303032204013030322","030322","030322","P"," ",55.2,100,"04","04","013","013"
"218","0401303032304013030323","030323","030323","P"," ",50.8,100,"04","04","013","013"
"219","0401303032204013030324","030322","030324","P"," ",44.8,100,"04","04","013","013"
"220","0401303032504013030325","030325","030325","P","P",23.8,99.1,"04","04","013","013"
"221","0401303034204013030325","030342","030325","P","P",0.1,0.9,"04","04","013","013"
"222","0401303032604013030326","030326","030326"," "," ",100,100,"04","04","013","013"
"223","0401303032304013030327","030323","030327","P"," ",49.2,100,"04","04","013","013"
"224","0401303032504013030328","030325","030328","P"," ",50.3,100,"04","04","013","013"
"225","0401303032904013030329","030329","030329","P","P",28.6,100,"04","04","013","013"
"226","0401304050904013030329","040509","030329","P","P",0,0,"04","04","013","013"
"227","0401303033004013030330","030330","030330"," "," ",100,100,"04","04","013","013"
"228","0401303033104013030331","030331","030331"," "," ",100,100,"04","04","013","013"
"229","0401303033204013030332","030332","030332","P"," ",45.6,100,"04","04","013","013"
"230","0401303033304013030333","030333","030333","P","P",10.2,100,"04","04","013","013"
"231","0401310321804013030333","103218","030333","P","P",0,0,"04","04","013","013"
"232","0401303033404013030334","030334","030334"," "," ",100,100,"04","04","013","013"
"233","0401303033504013030335","030335","030335","P"," ",70.7,100,"04","04","013","013"
"234","0401303033604013030336","030336","030336","P"," ",51.9,100,"04","04","013","013"
"235","0401303033704013030337","030337","030337"," "," ",100,100,"04","04","013","013"
"236","0401303033604013030338","030336","030338","P","P",25.5,26.1,"04","04","013","013"
"237","0401303033804013030338","030338","030338","P","P",10.1,48,"04","04","013","013"
"238","0401303034204013030338","030342","030338","P","P",4.7,25.8,"04","04","013","013"
"239","0401303033904013030339","030339","030339","P"," ",26.1,100,"04","04","013","013"
"240","0401303033904013030340","030339","030340","P","P",0,0,"04","04","013","013"
"241","0401303034004013030340","030340","030340","P","P",98.3,100,"04","04","013","013"
"242","0401303034104013030341","030341","030341","P"," ",54,100,"04","04","013","013"
"243","0401303032504013030342","030325","030342","P","P",25.9,42.3,"04","04","013","013"
"244","0401303034204013030342","030342","030342","P","P",13.1,57.7,"04","04","013","013"
"245","0401303034304013030343","030343","030343","P"," ",35.3,100,"04","04","013","013"
"246","0401303033804013030344","030338","030344","P"," ",15.4,100,"04","04","013","013"
"247","0401303033804013030345","030338","030345","P","P",15.9,100,"04","04","013","013"
"248","0401303034204013030345","030342","030345","P","P",0,0,"04","04","013","013"
"249","0401303033804013030346","030338","030346","P"," ",17.2,100,"04","04","013","013"
"250","0401303033804013030347","030338","030347","P"," ",10,100,"04","04","013","013"
"251","0401303033804013030348","030338","030348","P"," ",16,100,"04","04","013","013"
"252","0401303033804013030349","030338","030349","P"," ",9.9,100,"04","04","013","013"
"253","0401303033804013030350","030338","030350","P"," ",5.6,100,"04","04","013","013"
"254","0401303033904013030351","030339","030351","P","P",36.6,100,"04","04","013","013"
"255","0401303034004013030351","030340","030351","P","P",0,0,"04","04","013","013"
"256","0401303033904013030352","030339","030352","P"," ",37.2,100,"04","04","013","013"
"257","0401303033204013030354","030332","030354","P"," ",54.4,100,"04","04","013","013"
"258","0401303033304013030355","030333","030355","P"," ",21.4,100,"04","04","013","013"
"259","0401303033304013030356","030333","030356","P"," ",29.9,100,"04","04","013","013"
"260","0401303033304013030357","030333","030357","P"," ",23.4,100,"04","04","013","013"
"261","0401303033304013030358","030333","030358","P"," ",15,100,"04","04","013","013"
"262","0401303033504013030359","030335","030359","P"," ",29.3,100,"04","04","013","013"
"263","0401303033604013030360","030336","030360","P"," ",22.6,100,"04","04","013","013"
"264","0401303034204013030361","030342","030361","P"," ",19.2,100,"04","04","013","013"
"265","0401303034304013030363","030343","030363","P"," ",21.4,100,"04","04","013","013"
"266","0401303034304013030364","030343","030364","P"," ",8.3,100,"04","04","013","013"
"267","0401303034304013030365","030343","030365","P"," ",9,100,"04","04","013","013"
"268","0401303034304013030366","030343","030366","P"," ",9.4,100,"04","04","013","013"
"269","0401303034304013030367","030343","030367","P"," ",16.6,100,"04","04","013","013"
"270","0401303034104013030368","030341","030368","P"," ",46,100,"04","04","013","013"
"271","0401303031304013030369","030313","030369","P"," ",29.6,100,"04","04","013","013"
"272","0401303034204013030371","030342","030371","P"," ",31.9,100,"04","04","013","013"
"273","0401303034204013030372","030342","030372","P"," ",13.7,100,"04","04","013","013"
"274","0401303034204013030373","030342","030373","P"," ",7.6,100,"04","04","013","013"
"275","0401303034204013030374","030342","030374","P"," ",3.9,100,"04","04","013","013"
"276","0401303034204013030375","030342","030375","P"," ",5.9,100,"04","04","013","013"
"277","0401303032904013030377","030329","030377","P"," ",31.4,100,"04","04","013","013"
"278","0401303032904013030378","030329","030378","P","P",40.1,100,"04","04","013","013"
"279","0401303034204013030378","030342","030378","P","P",0,0,"04","04","013","013"
"280","0401303032104013030379","030321","030379","P"," ",29.1,100,"04","04","013","013"
"281","0401303032104013030380","030321","030380","P"," ",28.9,100,"04","04","013","013"
"282","0401303034304013030400","030343","030400","P","P",0,0,"04","04","013","013"
"283","0401303040004013030400","030400","030400"," ","P",100,96,"04","04","013","013"
"284","0401321681704013030400","216817","030400","P","P",0.6,4,"04","04","013","013"
"285","0401304050204013040502","040502","040502","P","P",99.5,99.1,"04","04","013","013"
"286","0401304050904013040502","040509","040502","P","P",0.3,0.9,"04","04","013","013"
"287","0401304050504013040505","040505","040505","P","P",97.9,100,"04","04","013","013"
"288","0401304050704013040505","040507","040505","P","P",0,0,"04","04","013","013"
"289","0401304050604013040506","040506","040506"," "," ",100,100,"04","04","013","013"
"290","0401304050504013040507","040505","040507","P","P",2.1,3,"04","04","013","013"
"291","0401304050704013040507","040507","040507","P","P",100,97,"04","04","013","013"
"292","0401304050804013040508","040508","040508","P"," ",47,100,"04","04","013","013"
"293","0401304050204013040509","040502","040509","P","P",0.5,0.1,"04","04","013","013"
"294","0401304050904013040509","040509","040509","P","P",99.7,99.9,"04","04","013","013"
"295","0401304050804013040510","040508","040510","P"," ",36.3,100,"04","04","013","013"
"296","0401304050804013040511","040508","040511","P","P",16.7,100,"04","04","013","013"
"297","0401304050904013040511","040509","040511","P","P",0,0,"04","04","013","013"
"298","0401305060004013050601","050600","050601","P","P",49.9,100,"04","04","013","013"
"299","0401305070004013050601","050700","050601","P","P",0,0,"04","04","013","013"
"300","0401304050904013050602","040509","050602","P","P",0,0,"04","04","013","013"
"301","0401305060004013050602","050600","050602","P","P",34.5,100,"04","04","013","013"
"302","0401305060004013050603","050600","050603","P","P",15.6,100,"04","04","013","013"
"303","0401372330004013050603","723300","050603","P","P",0,0,"04","04","013","013"
"304","0401305060004013050700","050600","050700","P","P",0,0,"04","04","013","013"
"305","0401305070004013050700","050700","050700","P","P",100,100,"04","04","013","013"
"306","0401306080004013060800","060800","060800"," ","P",100,100,"04","04","013","013"
"307","0401306090004013060800","060900","060800","P","P",0,0,"04","04","013","013"
"308","0401306090004013060900","060900","060900","P"," ",100,100,"04","04","013","013"
"309","0401306100204013061002","061002","061002"," "," ",100,100,"04","04","013","013"
"310","0401306100304013061003","061003","061003"," "," ",100,100,"04","04","013","013"
"311","0401306100404013061004","061004","061004","P"," ",97,100,"04","04","013","013"
"312","0401306100404013061005","061004","061005","P","P",0.8,0.5,"04","04","013","013"
"313","0401306100504013061005","061005","061005"," ","P",100,99.5,"04","04","013","013"
"314","0401306100604013061006","061006","061006","P","P",100,100,"04","04","013","013"
"315","0401306110004013061006","061100","061006","P","P",0,0,"04","04","013","013"
"316","0401306100704013061007","061007","061007"," "," ",100,100,"04","04","013","013"
"317","0401306100804013061008","061008","061008"," "," ",100,100,"04","04","013","013"
"318","0401306100404013061009","061004","061009","P"," ",2.2,100,"04","04","013","013"
"319","0401306100604013061100","061006","061100","P","P",0,0,"04","04","013","013"
"320","0401306110004013061100","061100","061100","P","P",100,100,"04","04","013","013"
"321","0401306120004013061200","061200","061200","P","P",100,99.9,"04","04","013","013"
"322","0401306130004013061200","061300","061200","P","P",0.2,0.1,"04","04","013","013"
"323","0401306120004013061300","061200","061300","P","P",0,0.1,"04","04","013","013"
"324","0401306130004013061300","061300","061300","P","P",99.8,99.9,"04","04","013","013"
"325","0401306140004013061400","061400","061400"," "," ",100,100,"04","04","013","013"
"326","0401307150304013071503","071503","071503"," "," ",100,100,"04","04","013","013"
"327","0401307150404013071504","071504","071504"," "," ",100,100,"04","04","013","013"
"328","0401307150504013071505","071505","071505"," "," ",100,100,"04","04","013","013"
"329","0401307150604013071506","071506","071506","P","P",100,100,"04","04","013","013"
"330","0401307150804013071506","071508","071506","P","P",0,0,"04","04","013","013"
"331","0401307150704013071507","071507","071507"," "," ",100,100,"04","04","013","013"
"332","0401307150604013071508","071506","071508","P","P",0,0,"04","04","013","013"
"333","0401307150804013071508","071508","071508","P","P",100,100,"04","04","013","013"
"334","0401307150904013071508","071509","071508","P","P",0,0,"04","04","013","013"
"335","0401307150904013071509","071509","071509","P"," ",50.1,100,"04","04","013","013"
"336","0401307151004013071510","071510","071510","P"," ",42.4,100,"04","04","013","013"
"337","0401307150904013071511","071509","071511","P"," ",31.9,100,"04","04","013","013"
"338","0401307151004013071512","071510","071512","P"," ",57.6,100,"04","04","013","013"
"339","0401307150904013071513","071509","071513","P"," ",17.9,100,"04","04","013","013"
"340","0401307160004013071600","071600","071600"," "," ",100,100,"04","04","013","013"
"341","0401307170004013071700","071700","071700"," ","P",100,99.5,"04","04","013","013"
"342","0401307180204013071700","071802","071700","P","P",0.5,0.5,"04","04","013","013"
"343","0401307180104013071801","071801","071801"," "," ",100,100,"04","04","013","013"
"344","0401307180204013071802","071802","071802","P"," ",99.5,100,"04","04","013","013"
"345","0401307190304013071903","071903","071903"," "," ",100,100,"04","04","013","013"
"346","0401307190404013071904","071904","071904"," "," ",100,100,"04","04","013","013"
"347","0401307190604013071906","071906","071906","P","P",100,99.8,"04","04","013","013"
"348","0401307190804013071906","071908","071906","P","P",0.1,0.2,"04","04","013","013"
"349","0401307191104013071906","071911","071906","P","P",0,0,"04","04","013","013"
"350","0401307190604013071908","071906","071908","P","P",0,0,"04","04","013","013"
"351","0401307190804013071908","071908","071908","P","P",99.9,100,"04","04","013","013"
"352","0401307190904013071909","071909","071909"," "," ",100,100,"04","04","013","013"
"353","0401307191004013071910","071910","071910"," "," ",100,100,"04","04","013","013"
"354","0401307191104013071911","071911","071911","P"," ",100,100,"04","04","013","013"
"355","0401308200204013082002","082002","082002","P"," ",99.9,100,"04","04","013","013"
"356","0401308200304013082007","082003","082007","P"," ",44.8,100,"04","04","013","013"
"357","0401308200304013082008","082003","082008","P"," ",55.2,100,"04","04","013","013"
"358","0401308200404013082009","082004","082009","P"," ",52.3,100,"04","04","013","013"
"359","0401308200404013082010","082004","082010","P"," ",47.7,100,"04","04","013","013"
"360","0401308200604013082011","082006","082011","P","P",68.1,99.4,"04","04","013","013"
"361","0401308210004013082011","082100","082011","P","P",0.9,0.6,"04","04","013","013"
"362","0401308200504013082012","082005","082012","P"," ",26.8,100,"04","04","013","013"
"363","0401308200504013082013","082005","082013","P"," ",73.2,100,"04","04","013","013"
"364","0401308200604013082014","082006","082014","P"," ",31.8,100,"04","04","013","013"
"365","0401308200604013082015","082006","082015","P"," ",0.1,100,"04","04","013","013"
"366","0401308210004013082100","082100","082100","P"," ",99.1,100,"04","04","013","013"
"367","0401308220104013082201","082201","082201"," "," ",100,100,"04","04","013","013"
"368","0401308220204013082202","082202","082202"," "," ",100,100,"04","04","013","013"
"369","0401309230404013092304","092304","092304","P"," ",70.6,100,"04","04","013","013"
"370","0401309230504013092305","092305","092305"," "," ",100,100,"04","04","013","013"
"371","0401309230604013092306","092306","092306"," "," ",100,100,"04","04","013","013"
"372","0401309230704013092307","092307","092307"," "," ",100,100,"04","04","013","013"
"373","0401309230804013092308","092308","092308"," "," ",100,100,"04","04","013","013"
"374","0401309230904013092309","092309","092309"," "," ",100,100,"04","04","013","013"
"375","0401309230404013092310","092304","092310","P"," ",29.4,100,"04","04","013","013"
"376","0401309240004013092400","092400","092400"," "," ",100,100,"04","04","013","013"
"377","0401309250004013092500","092500","092500"," "," ",100,100,"04","04","013","013"
"378","0401309260004013092600","092600","092600"," "," ",100,100,"04","04","013","013"
"379","0401309270304013092703","092703","092703"," "," ",100,100,"04","04","013","013"
"380","0401309270404013092704","092704","092704","P"," ",1.2,100,"04","04","013","013"
"381","0401309270504013092705","092705","092705","P"," ",32.2,100,"04","04","013","013"
"382","0401308200204013092706","082002","092706","P","P",0.1,0.1,"04","04","013","013"
"383","0401308200604013092706","082006","092706","P","P",0,0,"04","04","013","013"
"384","0401309270604013092706","092706","092706","P","P",59.1,99.9,"04","04","013","013"
"385","0401309270704013092707","092707","092707"," "," ",100,100,"04","04","013","013"
"386","0401309270804013092708","092708","092708"," "," ",100,100,"04","04","013","013"
"387","0401309270904013092709","092709","092709"," "," ",100,100,"04","04","013","013"
"388","0401309270604013092710","092706","092710","P"," ",40.9,100,"04","04","013","013"
"389","0401309270404013092711","092704","092711","P"," ",20.6,100,"04","04","013","013"
"390","0401309270404013092712","092704","092712","P"," ",35,100,"04","04","013","013"
"391","0401309270404013092713","092704","092713","P"," ",43.2,100,"04","04","013","013"
"392","0401309270504013092714","092705","092714","P"," ",67.8,100,"04","04","013","013"
"393","0401309280004013092800","092800","092800"," "," ",100,100,"04","04","013","013"
"394","0401309290004013092900","092900","092900"," "," ",100,100,"04","04","013","013"
"395","0401309300004013093000","093000","093000"," "," ",100,100,"04","04","013","013"
"396","0401309310104013093101","093101","093101","P"," ",52.7,100,"04","04","013","013"
"397","0401309310204013093102","093102","093102"," "," ",100,100,"04","04","013","013"
"398","0401309310104013093104","093101","093104","P"," ",47.3,100,"04","04","013","013"
"399","0401310320504013103205","103205","103205"," "," ",100,100,"04","04","013","013"
"400","0401310320604013103206","103206","103206"," "," ",100,100,"04","04","013","013"
"401","0401310320704013103207","103207","103207"," "," ",100,100,"04","04","013","013"
"402","0401310320804013103208","103208","103208"," "," ",100,100,"04","04","013","013"
"403","0401310320904013103209","103209","103209","P"," ",100,100,"04","04","013","013"
"404","0401310321004013103210","103210","103210"," "," ",100,100,"04","04","013","013"
"405","0401310321104013103211","103211","103211"," "," ",100,100,"04","04","013","013"
"406","0401310321204013103212","103212","103212"," "," ",100,100,"04","04","013","013"
"407","0401310321404013103214","103214","103214"," ","P",100,99.5,"04","04","013","013"
"408","0401310321804013103214","103218","103214","P","P",0.3,0.5,"04","04","013","013"
"409","0401310321504013103215","103215","103215"," "," ",100,100,"04","04","013","013"
"410","0401310321604013103216","103216","103216"," "," ",100,100,"04","04","013","013"
"411","0401310321704013103217","103217","103217"," "," ",100,100,"04","04","013","013"
"412","0401310321804013103218","103218","103218","P"," ",99.7,100,"04","04","013","013"
"413","0401310330204013103302","103302","103302"," "," ",100,100,"04","04","013","013"
"414","0401310330304013103303","103303","103303"," "," ",100,100,"04","04","013","013"
"415","0401310330404013103304","103304","103304","P"," ",38.3,100,"04","04","013","013"
"416","0401310330404013103305","103304","103305","P"," ",29.1,100,"04","04","013","013"
"417","0401310330404013103306","103304","103306","P"," ",32.4,100,"04","04","013","013"
"418","0401310340004013103400","103400","103400"," "," ",100,100,"04","04","013","013"
"419","0401310330404013103501","103304","103501","P","P",0.1,0.4,"04","04","013","013"
"420","0401310350104013103501","103501","103501","P","P",97.8,99.6,"04","04","013","013"
"421","0401310350204013103501","103502","103501","P","P",0,0,"04","04","013","013"
"422","0401310350104013103502","103501","103502","P","P",2.2,1.1,"04","04","013","013"
"423","0401310350204013103502","103502","103502","P","P",100,98.9,"04","04","013","013"
"424","0401310360404013103604","103604","103604","P"," ",43.7,100,"04","04","013","013"
"425","0401310360404013103605","103604","103605","P","P",1,1.4,"04","04","013","013"
"426","0401310360504013103605","103605","103605"," ","P",100,98.6,"04","04","013","013"
"427","0401310360604013103606","103606","103606"," "," ",100,100,"04","04","013","013"
"428","0401310360704013103607","103607","103607","P"," ",50.7,100,"04","04","013","013"
"429","0401310360804013103608","103608","103608"," "," ",100,100,"04","04","013","013"
"430","0401310360904013103609","103609","103609"," "," ",100,100,"04","04","013","013"
"431","0401310360704013103611","103607","103611","P"," ",49.3,100,"04","04","013","013"
"432","0401310360404013103612","103604","103612","P"," ",55.3,100,"04","04","013","013"
"433","0401310380004013103614","103800","103614","P"," ",37.5,100,"04","04","013","013"
"434","0401310380004013103615","103800","103615","P"," ",60.9,100,"04","04","013","013"
"435","0401310370004013103700","103700","103700"," "," ",100,100,"04","04","013","013"
"436","0401310390004013103900","103900","103900"," "," ",100,100,"04","04","013","013"
"437","0401310400004013104000","104000","104000"," "," ",100,100,"04","04","013","013"
"438","0401310410004013104100","104100","104100"," "," ",100,100,"04","04","013","013"
"439","0401310420204013104202","104202","104202"," "," ",100,100,"04","04","013","013"
"440","0401310420304013104203","104203","104203"," "," ",100,100,"04","04","013","013"
"441","0401310420404013104204","104204","104204"," "," ",100,100,"04","04","013","013"
"442","0401310420504013104205","104205","104205"," "," ",100,100,"04","04","013","013"
"443","0401310420604013104206","104206","104206"," "," ",100,100,"04","04","013","013"
"444","0401310420704013104207","104207","104207"," "," ",100,100,"04","04","013","013"
"445","0401310421204013104212","104212","104212"," "," ",100,100,"04","04","013","013"
"446","0401310421404013104214","104214","104214"," "," ",100,100,"04","04","013","013"
"447","0401310421504013104215","104215","104215"," "," ",100,100,"04","04","013","013"
"448","0401310421604013104216","104216","104216"," "," ",100,100,"04","04","013","013"
"449","0401310421704013104217","104217","104217"," "," ",100,100,"04","04","013","013"
"450","0401310421804013104218","104218","104218"," "," ",100,100,"04","04","013","013"
"451","0401310421904013104219","104219","104219"," "," ",100,100,"04","04","013","013"
"452","0401310422104013104221","104221","104221","P"," ",73.4,100,"04","04","013","013"
"453","0401310422204013104222","104222","104222"," "," ",100,100,"04","04","013","013"
"454","0401310422304013104223","104223","104223","P"," ",100,100,"04","04","013","013"
"455","0401310422304013104224","104223","104224","P","P",0,0,"04","04","013","013"
"456","0401310422404013104224","104224","104224"," ","P",100,100,"04","04","013","013"
"457","0401310422504013104225","104225","104225"," "," ",100,100,"04","04","013","013"
"458","0401310422604013104226","104226","104226"," "," ",100,100,"04","04","013","013"
"459","0401310422104013104227","104221","104227","P"," ",26.6,100,"04","04","013","013"
"460","0401310430004013104300","104300","104300"," "," ",100,100,"04","04","013","013"
"461","0401310440004013104400","104400","104400"," "," ",100,100,"04","04","013","013"
"462","0401310450004013104501","104500","104501","P"," ",45.2,100,"04","04","013","013"
"463","0401310450004013104502","104500","104502","P"," ",54.8,100,"04","04","013","013"
"464","0401310380004013104600","103800","104600","P","P",1.7,3.5,"04","04","013","013"
"465","0401310460004013104600","104600","104600"," ","P",100,96.5,"04","04","013","013"
"466","0401310470004013104700","104700","104700"," "," ",100,100,"04","04","013","013"
"467","0401310480104013104801","104801","104801"," ","P",100,99.9,"04","04","013","013"
"468","0401310510104013104801","105101","104801","P","P",0.1,0.1,"04","04","013","013"
"469","0401310480204013104802","104802","104802"," "," ",100,100,"04","04","013","013"
"470","0401310490004013104900","104900","104900"," "," ",100,100,"04","04","013","013"
"471","0401310500104013105001","105001","105001"," ","P",100,100,"04","04","013","013"
"472","0401321690104013105001","216901","105001","P","P",0,0,"04","04","013","013"
"473","0401310500204013105002","105002","105002"," ","P",100,99.5,"04","04","013","013"
"474","0401310790004013105002","107900","105002","P","P",0.1,0.1,"04","04","013","013"
"475","0401321690104013105002","216901","105002","P","P",0,0,"04","04","013","013"
"476","0401321700104013105002","217001","105002","P","P",0.3,0.4,"04","04","013","013"
"477","0401310510104013105101","105101","105101","P"," ",99.9,100,"04","04","013","013"
"478","0401310510204013105102","105102","105102"," ","P",100,99.9,"04","04","013","013"
"479","0401310630004013105102","106300","105102","P","P",0.1,0.1,"04","04","013","013"
"480","0401310510104013105103","105101","105103","P","P",0,0,"04","04","013","013"
"481","0401310510304013105103","105103","105103"," ","P",100,100,"04","04","013","013"
"482","0401310520004013105200","105200","105200"," "," ",100,100,"04","04","013","013"
"483","0401310530004013105300","105300","105300"," "," ",100,100,"04","04","013","013"
"484","0401310540004013105400","105400","105400"," "," ",100,100,"04","04","013","013"
"485","0401310550004013105500","105500","105500"," "," ",100,100,"04","04","013","013"
"486","0401310560004013105601","105600","105601","P"," ",38.6,100,"04","04","013","013"
"487","0401310560004013105602","105600","105602","P"," ",61.4,100,"04","04","013","013"
"488","0401310570004013105701","105700","105701","P"," ",46.2,100,"04","04","013","013"
"489","0401310570004013105702","105700","105702","P"," ",53.8,100,"04","04","013","013"
"490","0401310580004013105800","105800","105800"," "," ",100,100,"04","04","013","013"
"491","0401310590004013105900","105900","105900"," "," ",100,100,"04","04","013","013"
"492","0401310600004013106000","106000","106000"," "," ",100,100,"04","04","013","013"
"493","0401310610004013106100","106100","106100"," "," ",100,100,"04","04","013","013"
"494","0401310620004013106200","106200","106200"," "," ",100,100,"04","04","013","013"
"495","0401310630004013106300","106300","106300","P"," ",99.9,100,"04","04","013","013"
"496","0401310640004013106400","106400","106400"," "," ",100,100,"04","04","013","013"
"497","0401310650004013106500","106500","106500"," "," ",100,100,"04","04","013","013"
"498","0401310660004013106600","106600","106600"," "," ",100,100,"04","04","013","013"
"499","0401310670004013106700","106700","106700"," "," ",100,100,"04","04","013","013"
"500","0401310680004013106800","106800","106800"," "," ",100,100,"04","04","013","013"
"501","0401310690004013106900","106900","106900"," "," ",100,100,"04","04","013","013"
"502","0401310700004013107000","107000","107000"," "," ",100,100,"04","04","013","013"
"503","0401310710004013107101","107100","107101","P"," ",44.3,100,"04","04","013","013"
"504","0401310710004013107102","107100","107102","P"," ",55.7,100,"04","04","013","013"
"505","0401310720004013107201","107200","107201","P"," ",49.9,100,"04","04","013","013"
"506","0401310720004013107202","107200","107202","P"," ",50.1,100,"04","04","013","013"
"507","0401310730004013107300","107300","107300"," "," ",100,100,"04","04","013","013"
"508","0401310740004013107400","107400","107400"," "," ",100,100,"04","04","013","013"
"509","0401310750004013107500","107500","107500"," "," ",100,100,"04","04","013","013"
"510","0401310760004013107600","107600","107600"," "," ",100,100,"04","04","013","013"
"511","0401310770004013107700","107700","107700"," "," ",100,100,"04","04","013","013"
"512","0401310780004013107800","107800","107800"," "," ",100,100,"04","04","013","013"
"513","0401310790004013107900","107900","107900","P"," ",99.9,100,"04","04","013","013"
"514","0401310800004013108000","108000","108000"," "," ",100,100,"04","04","013","013"
"515","0401310810004013108100","108100","108100"," "," ",100,100,"04","04","013","013"
"516","0401310820004013108200","108200","108200"," "," ",100,100,"04","04","013","013"
"517","0401310830004013108300","108300","108300"," "," ",100,100,"04","04","013","013"
"518","0401310840004013108400","108400","108400"," "," ",100,100,"04","04","013","013"
"519","0401310850004013108500","108500","108500"," "," ",100,100,"04","04","013","013"
"520","0401310860004013108601","108600","108601","P"," ",43.7,100,"04","04","013","013"
"521","0401310860004013108602","108600","108602","P"," ",56.3,100,"04","04","013","013"
"522","0401310870004013108700","108700","108700"," "," ",100,100,"04","04","013","013"
"523","0401310880004013108801","108800","108801","P"," ",33.7,100,"04","04","013","013"
"524","0401310880004013108802","108800","108802","P"," ",66.3,100,"04","04","013","013"
"525","0401310890004013108901","108900","108901","P"," ",38.5,100,"04","04","013","013"
"526","0401310890004013108902","108900","108902","P"," ",61.5,100,"04","04","013","013"
"527","0401310900004013109000","109000","109000"," "," ",100,100,"04","04","013","013"
"528","0401310910004013109100","109100","109100"," "," ",100,100,"04","04","013","013"
"529","0401310920004013109200","109200","109200"," "," ",100,100,"04","04","013","013"
"530","0401310930004013109300","109300","109300"," "," ",100,100,"04","04","013","013"
"531","0401310940004013109400","109400","109400"," "," ",100,100,"04","04","013","013"
"532","0401310950004013109500","109500","109500"," "," ",100,100,"04","04","013","013"
"533","0401310960104013109601","109601","109601","P"," ",53,100,"04","04","013","013"
"534","0401310960204013109602","109602","109602","P"," ",59.9,100,"04","04","013","013"
"535","0401310960104013109603","109601","109603","P"," ",47,100,"04","04","013","013"
"536","0401310960204013109604","109602","109604","P"," ",40.1,100,"04","04","013","013"
"537","0401310970104013109701","109701","109701","P"," ",73.2,100,"04","04","013","013"
"538","0401310970204013109702","109702","109702","P"," ",54.6,100,"04","04","013","013"
"539","0401310970104013109703","109701","109703","P"," ",26.8,100,"04","04","013","013"
"540","0401310970204013109704","109702","109704","P"," ",25.2,100,"04","04","013","013"
"541","0401310970204013109705","109702","109705","P"," ",20.2,100,"04","04","013","013"
"542","0401310980004013109801","109800","109801","P"," ",46.1,100,"04","04","013","013"
"543","0401310980004013109802","109800","109802","P"," ",53.9,100,"04","04","013","013"
"544","0401310990004013109900","109900","109900"," "," ",100,100,"04","04","013","013"
"545","0401311000004013110001","110000","110001","P"," ",49.1,100,"04","04","013","013"
"546","0401311000004013110002","110000","110002","P"," ",50.9,100,"04","04","013","013"
"547","0401311010004013110100","110100","110100"," "," ",100,100,"04","04","013","013"
"548","0401311020004013110200","110200","110200"," "," ",100,100,"04","04","013","013"
"549","0401311030004013110300","110300","110300"," "," ",100,100,"04","04","013","013"
"550","0401311040004013110400","110400","110400"," "," ",100,100,"04","04","013","013"
"551","0401311050004013110500","110500","110500"," "," ",100,100,"04","04","013","013"
"552","0401311060004013110600","110600","110600"," "," ",100,100,"04","04","013","013"
"553","0401311070004013110701","110700","110701","P"," ",36.6,100,"04","04","013","013"
"554","0401311070004013110702","110700","110702","P"," ",63.4,100,"04","04","013","013"
"555","0401311080004013110800","110800","110800"," "," ",100,100,"04","04","013","013"
"556","0401311090004013110900","110900","110900"," "," ",100,100,"04","04","013","013"
"557","0401311100004013111000","111000","111000"," "," ",100,100,"04","04","013","013"
"558","0401311110004013111100","111100","111100","P","P",100,100,"04","04","013","013"
"559","0401321740004013111100","217400","111100","P","P",0,0,"04","04","013","013"
"560","0401311120104013111201","111201","111201"," "," ",100,100,"04","04","013","013"
"561","0401311120204013111202","111202","111202","P"," ",37,100,"04","04","013","013"
"562","0401311120204013111203","111202","111203","P"," ",21.6,100,"04","04","013","013"
"563","0401311120204013111204","111202","111204","P"," ",41.3,100,"04","04","013","013"
"564","0401311130004013111300","111300","111300"," "," ",100,100,"04","04","013","013"
"565","0401311140004013111401","111400","111401","P"," ",51.1,100,"04","04","013","013"
"566","0401311140004013111402","111400","111402","P"," ",48.9,100,"04","04","013","013"
"567","0401311150004013111501","111500","111501","P"," ",26.2,100,"04","04","013","013"
"568","0401311150004013111502","111500","111502","P"," ",73.8,100,"04","04","013","013"
"569","0401311160004013111601","111600","111601","P"," ",33.3,100,"04","04","013","013"
"570","0401311160004013111602","111600","111602","P"," ",66.7,100,"04","04","013","013"
"571","0401311170004013111700","111700","111700"," "," ",100,100,"04","04","013","013"
"572","0401311180004013111800","111800","111800"," "," ",100,100,"04","04","013","013"
"573","0401311190004013111900","111900","111900"," "," ",100,100,"04","04","013","013"
"574","0401311200004013112000","112000","112000"," "," ",100,100,"04","04","013","013"
"575","0401311210004013112100","112100","112100"," "," ",100,100,"04","04","013","013"
"576","0401311220004013112201","112200","112201","P"," ",50.6,100,"04","04","013","013"
"577","0401311220004013112202","112200","112202","P"," ",49.4,100,"04","04","013","013"
"578","0401311230004013112301","112300","112301","P"," ",43.5,100,"04","04","013","013"
"579","0401311230004013112302","112300","112302","P"," ",56.5,100,"04","04","013","013"
"580","0401311240004013112401","112400","112401","P"," ",52.4,100,"04","04","013","013"
"581","0401311240004013112402","112400","112402","P"," ",47.6,100,"04","04","013","013"
"582","0401311250204013112502","112502","112502","P"," ",60.4,100,"04","04","013","013"
"583","0401311250304013112503","112503","112503"," "," ",100,100,"04","04","013","013"
"584","0401311250204013112504","112502","112504","P"," ",39.6,100,"04","04","013","013"
"585","0401311250504013112505","112505","112505"," "," ",100,100,"04","04","013","013"
"586","0401311250604013112506","112506","112506","P"," ",52.5,100,"04","04","013","013"
"587","0401311250604013112507","112506","112507","P"," ",26.8,100,"04","04","013","013"
"588","0401311250604013112508","112506","112508","P"," ",20.6,100,"04","04","013","013"
"589","0401311260004013112601","112600","112601","P"," ",29.9,100,"04","04","013","013"
"590","0401311260004013112602","112600","112602","P"," ",70.1,100,"04","04","013","013"
"591","0401311270004013112700","112700","112700"," "," ",100,100,"04","04","013","013"
"592","0401311280004013112800","112800","112800"," "," ",100,100,"04","04","013","013"
"593","0401311290004013112900","112900","112900"," "," ",100,100,"04","04","013","013"
"594","0401311300004013113000","113000","113000"," ","P",100,99.8,"04","04","013","013"
"595","0401311310004013113000","113100","113000","P","P",0.1,0.2,"04","04","013","013"
"596","0401311310004013113100","113100","113100","P"," ",99.9,100,"04","04","013","013"
"597","0401311320004013113201","113200","113201","P"," ",34.8,100,"04","04","013","013"
"598","0401311320004013113202","113200","113202","P"," ",33.3,100,"04","04","013","013"
"599","0401311320004013113203","113200","113203","P"," ",31.9,100,"04","04","013","013"
"600","0401311330004013113300","113300","113300"," "," ",100,100,"04","04","013","013"
"601","0401311340004013113400","113400","113400"," ","P",100,80.8,"04","04","013","013"
"602","0401311350004013113400","113500","113400","P","P",2.5,19.2,"04","04","013","013"
"603","0401311350004013113500","113500","113500","P"," ",97.5,100,"04","04","013","013"
"604","0401311360004013113601","113600","113601","P"," ",44.3,100,"04","04","013","013"
"605","0401311360004013113602","113600","113602","P"," ",55.7,100,"04","04","013","013"
"606","0401311370004013113700","113700","113700"," "," ",100,100,"04","04","013","013"
"607","0401311380004013113800","113800","113800"," "," ",100,100,"04","04","013","013"
"608","0401311390004013113900","113900","113900"," "," ",100,100,"04","04","013","013"
"609","0401311400004013114000","114000","114000"," "," ",100,100,"04","04","013","013"
"610","0401311410004013114100","114100","114100"," "," ",100,100,"04","04","013","013"
"611","0401311420004013114200","114200","114200"," ","P",100,100,"04","04","013","013"
"612","0401311490004013114200","114900","114200","P","P",0,0,"04","04","013","013"
"613","0401311430004013114301","114300","114301","P"," ",33.1,100,"04","04","013","013"
"614","0401311430004013114302","114300","114302","P"," ",66.9,100,"04","04","013","013"
"615","0401311440004013114401","114400","114401","P"," ",47.5,100,"04","04","013","013"
"616","0401311440004013114402","114400","114402","P"," ",52.5,100,"04","04","013","013"
"617","0401311450004013114500","114500","114500"," "," ",100,100,"04","04","013","013"
"618","0401311460004013114600","114600","114600"," "," ",100,100,"04","04","013","013"
"619","0401311470004013114701","114700","114701","P"," ",11,100,"04","04","013","013"
"620","0401311470004013114702","114700","114702","P"," ",10,100,"04","04","013","013"
"621","0401311470004013114703","114700","114703","P"," ",79.1,100,"04","04","013","013"
"622","0401311480004013114800","114800","114800"," "," ",100,100,"04","04","013","013"
"623","0401311490004013114900","114900","114900","P"," ",100,100,"04","04","013","013"
"624","0401311500004013115000","115000","115000"," "," ",100,100,"04","04","013","013"
"625","0401311510004013115100","115100","115100"," "," ",100,100,"04","04","013","013"
"626","0401311520004013115200","115200","115200"," "," ",100,100,"04","04","013","013"
"627","0401311530004013115300","115300","115300"," "," ",100,100,"04","04","013","013"
"628","0401311540004013115400","115400","115400"," "," ",100,100,"04","04","013","013"
"629","0401311550004013115500","115500","115500"," "," ",100,100,"04","04","013","013"
"630","0401311560004013115600","115600","115600"," "," ",100,100,"04","04","013","013"
"631","0401311570004013115700","115700","115700"," "," ",100,100,"04","04","013","013"
"632","0401311580004013115801","115800","115801","P"," ",60.7,100,"04","04","013","013"
"633","0401311580004013115802","115800","115802","P"," ",39.3,100,"04","04","013","013"
"634","0401311590004013115900","115900","115900"," "," ",100,100,"04","04","013","013"
"635","0401311600004013116000","116000","116000"," "," ",100,100,"04","04","013","013"
"636","0401311610004013116100","116100","116100"," "," ",100,100,"04","04","013","013"
"637","0401311620204013116202","116202","116202","P"," ",55.2,100,"04","04","013","013"
"638","0401311620304013116203","116203","116203"," "," ",100,100,"04","04","013","013"
"639","0401311620404013116204","116204","116204"," "," ",100,100,"04","04","013","013"
"640","0401311620204013116205","116202","116205","P"," ",44.8,100,"04","04","013","013"
"641","0401311630004013116300","116300","116300"," "," ",100,100,"04","04","013","013"
"642","0401311640004013116400","116400","116400"," "," ",100,100,"04","04","013","013"
"643","0401311650004013116500","116500","116500"," "," ",100,100,"04","04","013","013"
"644","0401311660104013116601","116601","116601","P","P",70.1,100,"04","04","013","013"
"645","0401362320004013116601","623200","116601","P","P",0,0,"04","04","013","013"
"646","0401311660204013116602","116602","116602"," "," ",100,100,"04","04","013","013"
"647","0401311670204013116702","116702","116702","P"," ",92.9,100,"04","04","013","013"
"648","0401311670304013116703","116703","116703"," "," ",100,100,"04","04","013","013"
"649","0401311670404013116704","116704","116704","P","P",100,100,"04","04","013","013"
"650","0401311670704013116704","116707","116704","P","P",0,0,"04","04","013","013"
"651","0401311660104013116705","116601","116705","P","P",29.9,76.3,"04","04","013","013"
"652","0401311670204013116705","116702","116705","P","P",7.1,17.5,"04","04","013","013"
"653","0401311670504013116705","116705","116705"," ","P",100,6.3,"04","04","013","013"
"654","0401311670404013116707","116704","116707","P","P",0,0,"04","04","013","013"
"655","0401311670704013116707","116707","116707","P","P",40,100,"04","04","013","013"
"656","0401311670804013116708","116708","116708"," "," ",100,100,"04","04","013","013"
"657","0401311670704013116709","116707","116709","P"," ",30.7,100,"04","04","013","013"
"658","0401311671004013116710","116710","116710","P"," ",99.3,100,"04","04","013","013"
"659","0401311671004013116711","116710","116711","P","P",0.7,1.8,"04","04","013","013"
"660","0401311671104013116711","116711","116711","P","P",26.6,98.2,"04","04","013","013"
"661","0401311671204013116712","116712","116712"," "," ",100,100,"04","04","013","013"
"662","0401311671304013116713","116713","116713"," "," ",100,100,"04","04","013","013"
"663","0401311671404013116714","116714","116714","P"," ",9.8,100,"04","04","013","013"
"664","0401311670704013116715","116707","116715","P"," ",29.3,100,"04","04","013","013"
"665","0401311671104013116717","116711","116717","P"," ",48,100,"04","04","013","013"
"666","0401311671104013116718","116711","116718","P"," ",25.4,100,"04","04","013","013"
"667","0401311671404013116719","116714","116719","P"," ",17.6,100,"04","04","013","013"
"668","0401311671404013116720","116714","116720","P"," ",9.6,100,"04","04","013","013"
"669","0401311671404013116721","116714","116721","P"," ",10.3,100,"04","04","013","013"
"670","0401311671404013116725","116714","116725","P"," ",11.5,100,"04","04","013","013"
"671","0401311671404013116726","116714","116726","P"," ",7.5,100,"04","04","013","013"
"672","0401311671404013116727","116714","116727","P"," ",9.6,100,"04","04","013","013"
"673","0401311671404013116728","116714","116728","P"," ",11.3,100,"04","04","013","013"
"674","0401311671404013116729","116714","116729","P"," ",12.8,100,"04","04","013","013"
"675","0401310320904013216802","103209","216802","P","P",0,0,"04","04","013","013"
"676","0401321680204013216802","216802","216802"," ","P",100,100,"04","04","013","013"
"677","0401321680604013216806","216806","216806"," "," ",100,100,"04","04","013","013"
"678","0401321680704013216807","216807","216807"," ","P",100,100,"04","04","013","013"
"679","0401321680904013216807","216809","216807","P","P",0,0,"04","04","013","013"
"680","0401321680904013216809","216809","216809","P"," ",33.9,100,"04","04","013","013"
"681","0401321680904013216810","216809","216810","P"," ",10,100,"04","04","013","013"
"682","0401321680904013216811","216809","216811","P"," ",55,100,"04","04","013","013"
"683","0401321681204013216812","216812","216812"," "," ",100,100,"04","04","013","013"
"684","0401321681304013216813","216813","216813"," "," ",100,100,"04","04","013","013"
"685","0401321681404013216814","216814","216814"," "," ",100,100,"04","04","013","013"
"686","0401321681504013216815","216815","216815","P"," ",36.8,100,"04","04","013","013"
"687","0401321681604013216816","216816","216816"," "," ",100,100,"04","04","013","013"
"688","0401321681704013216817","216817","216817","P"," ",0,100,"04","04","013","013"
"689","0401321681804013216818","216818","216818","P"," ",59.2,100,"04","04","013","013"
"690","0401321681704013216819","216817","216819","P","P",0,0,"04","04","013","013"
"691","0401321681904013216819","216819","216819","P","P",54.9,100,"04","04","013","013"
"692","0401321681804013216820","216818","216820","P"," ",40.8,100,"04","04","013","013"
"693","0401321681804013216821","216818","216821","P","P",0.1,0.2,"04","04","013","013"
"694","0401321681904013216821","216819","216821","P","P",45.1,99.8,"04","04","013","013"
"695","0401321681704013216822","216817","216822","P"," ",6.4,100,"04","04","013","013"
"696","0401321681704013216823","216817","216823","P"," ",16.3,100,"04","04","013","013"
"697","0401321681704013216824","216817","216824","P"," ",14.1,100,"04","04","013","013"
"698","0401321680904013216825","216809","216825","P","P",1.2,1.1,"04","04","013","013"
"699","0401321681704013216825","216817","216825","P","P",36.9,98.9,"04","04","013","013"
"700","0401321681504013216826","216815","216826","P"," ",20.1,100,"04","04","013","013"
"701","0401321681504013216827","216815","216827","P"," ",43.1,100,"04","04","013","013"
"702","0401321681704013216828","216817","216828","P"," ",19.6,100,"04","04","013","013"
"703","0401321681704013216829","216817","216829","P"," ",6,100,"04","04","013","013"
"704","0401321690104013216901","216901","216901","P"," ",100,100,"04","04","013","013"
"705","0401321690204013216902","216902","216902"," "," ",100,100,"04","04","013","013"
"706","0401321700104013217001","217001","217001","P"," ",99.7,100,"04","04","013","013"
"707","0401321700204013217002","217002","217002"," "," ",100,100,"04","04","013","013"
"708","0401321710104013217101","217101","217101"," "," ",100,100,"04","04","013","013"
"709","0401321710204013217102","217102","217102"," "," ",100,100,"04","04","013","013"
"710","0401321720104013217201","217201","217201"," "," ",100,100,"04","04","013","013"
"711","0401321720204013217202","217202","217202"," "," ",100,100,"04","04","013","013"
"712","0401321730004013217300","217300","217300"," "," ",100,100,"04","04","013","013"
"713","0401311110004013217400","111100","217400","P","P",0,0,"04","04","013","013"
"714","0401321740004013217400","217400","217400","P","P",100,100,"04","04","013","013"
"715","0401321750004013217500","217500","217500"," "," ",100,100,"04","04","013","013"
"716","0401321760004013217600","217600","217600"," "," ",100,100,"04","04","013","013"
"717","0401321770004013217700","217700","217700"," "," ",100,100,"04","04","013","013"
"718","0401321780004013217800","217800","217800"," "," ",100,100,"04","04","013","013"
"719","0401321790004013217900","217900","217900"," "," ",100,100,"04","04","013","013"
"720","0401321800004013218000","218000","218000"," "," ",100,100,"04","04","013","013"
"721","0401321810004013218100","218100","218100"," "," ",100,100,"04","04","013","013"
"722","0401321820004013218200","218200","218200"," "," ",100,100,"04","04","013","013"
"723","0401321830004013218300","218300","218300"," "," ",100,100,"04","04","013","013"
"724","0401331840004013318400","318400","318400","P","P",99.6,100,"04","04","013","013"
"725","0401342120104013318400","421201","318400","P","P",0,0,"04","04","013","013"
"726","0401331850104013318501","318501","318501"," "," ",100,100,"04","04","013","013"
"727","0401331850204013318502","318502","318502","P","P",100,98.9,"04","04","013","013"
"728","0401331860004013318502","318600","318502","P","P",95.8,1.1,"04","04","013","013"
"729","0401331850204013318600","318502","318600","P","P",0,0,"04","04","013","013"
"730","0401331860004013318600","318600","318600","P","P",4.2,100,"04","04","013","013"
"731","0401331870004013318600","318700","318600","P","P",0,0,"04","04","013","013"
"732","0401331870004013318700","318700","318700","P"," ",100,100,"04","04","013","013"
"733","0401331880004013318800","318800","318800"," "," ",100,100,"04","04","013","013"
"734","0401331890004013318900","318900","318900"," "," ",100,100,"04","04","013","013"
"735","0401331900004013319000","319000","319000"," "," ",100,100,"04","04","013","013"
"736","0401331910004013319101","319100","319101","P"," ",24,100,"04","04","013","013"
"737","0401331910004013319102","319100","319102","P"," ",76,100,"04","04","013","013"
"738","0401331920004013319200","319200","319200"," "," ",100,100,"04","04","013","013"
"739","0401331930004013319300","319300","319300"," "," ",100,100,"04","04","013","013"
"740","0401331940104013319401","319401","319401"," "," ",100,100,"04","04","013","013"
"741","0401331940204013319402","319402","319402","P"," ",100,100,"04","04","013","013"
"742","0401331940304013319403","319403","319403"," "," ",100,100,"04","04","013","013"
"743","0401331940204013319404","319402","319404","P","P",0,0,"04","04","013","013"
"744","0401331940404013319404","319404","319404"," ","P",100,100,"04","04","013","013"
"745","0401342220504013319404","422205","319404","P","P",0,0,"04","04","013","013"
"746","0401331950004013319500","319500","319500"," "," ",100,100,"04","04","013","013"
"747","0401331960004013319600","319600","319600"," "," ",100,100,"04","04","013","013"
"748","0401331970204013319702","319702","319702"," ","P",100,99.7,"04","04","013","013"
"749","0401331970304013319702","319703","319702","P","P",0.7,0.3,"04","04","013","013"
"750","0401331970304013319703","319703","319703","P"," ",99.3,100,"04","04","013","013"
"751","0401331970404013319704","319704","319704"," "," ",100,100,"04","04","013","013"
"752","0401331980004013319800","319800","319800"," "," ",100,100,"04","04","013","013"
"753","0401331990204013319902","319902","319902"," "," ",100,100,"04","04","013","013"
"754","0401331990304013319903","319903","319903"," "," ",100,100,"04","04","013","013"
"755","0401331990404013319904","319904","319904"," ","P",100,99.7,"04","04","013","013"
"756","0401342221204013319904","422212","319904","P","P",0.4,0.3,"04","04","013","013"
"757","0401331990504013319905","319905","319905"," "," ",100,100,"04","04","013","013"
"758","0401331990604013319906","319906","319906"," "," ",100,100,"04","04","013","013"
"759","0401331990704013319907","319907","319907","P"," ",27.8,100,"04","04","013","013"
"760","0401331990804013319908","319908","319908"," "," ",100,100,"04","04","013","013"
"761","0401331990704013319909","319907","319909","P"," ",28.2,100,"04","04","013","013"
"762","0401331990704013319910","319907","319910","P"," ",44,100,"04","04","013","013"
"763","0401332000104013320001","320001","320001","P"," ",50,100,"04","04","013","013"
"764","0401332000204013320002","320002","320002"," "," ",100,100,"04","04","013","013"
"765","0401332000104013320007","320001","320007","P"," ",50,100,"04","04","013","013"
"766","0401342010104013420101","420101","420101","P"," ",22.3,100,"04","04","013","013"
"767","0401342010204013420102","420102","420102"," "," ",100,100,"04","04","013","013"
"768","0401342010304013420103","420103","420103"," "," ",100,100,"04","04","013","013"
"769","0401342010104013420104","420101","420104","P"," ",18.8,100,"04","04","013","013"
"770","0401342010104013420105","420101","420105","P"," ",17.6,100,"04","04","013","013"
"771","0401342010104013420106","420101","420106","P"," ",41.3,100,"04","04","013","013"
"772","0401342020204013420202","420202","420202","P"," ",32.4,100,"04","04","013","013"
"773","0401342020304013420203","420203","420203"," "," ",100,100,"04","04","013","013"
"774","0401342020404013420204","420204","420204","P"," ",49.3,100,"04","04","013","013"
"775","0401342020604013420206","420206","420206","P"," ",36.1,100,"04","04","013","013"
"776","0401342020604013420207","420206","420207","P","P",3.1,12.2,"04","04","013","013"
"777","0401342020704013420207","420207","420207"," ","P",100,87.8,"04","04","013","013"
"778","0401342020204013420208","420202","420208","P"," ",37.7,100,"04","04","013","013"
"779","0401342020204013420209","420202","420209","P"," ",29.8,100,"04","04","013","013"
"780","0401342020404013420210","420204","420210","P"," ",50.7,100,"04","04","013","013"
"781","0401342020604013420211","420206","420211","P"," ",36.6,100,"04","04","013","013"
"782","0401342020604013420212","420206","420212","P"," ",24.2,100,"04","04","013","013"
"783","0401342030004013420301","420300","420301","P"," ",18.3,100,"04","04","013","013"
"784","0401342030004013420302","420300","420302","P"," ",40.1,100,"04","04","013","013"
"785","0401342030004013420303","420300","420303","P"," ",33.1,100,"04","04","013","013"
"786","0401342030004013420304","420300","420304","P"," ",7.4,100,"04","04","013","013"
"787","0401302020004013420400","020200","420400","P","P",0,0,"04","04","013","013"
"788","0401342030004013420400","420300","420400","P","P",1.1,2,"04","04","013","013"
"789","0401342040004013420400","420400","420400"," ","P",100,98,"04","04","013","013"
"790","0401342050104013420501","420501","420501"," "," ",100,100,"04","04","013","013"
"791","0401342050204013420502","420502","420502"," "," ",100,100,"04","04","013","013"
"792","0401342060204013420602","420602","420602"," "," ",100,100,"04","04","013","013"
"793","0401342060304013420603","420603","420603"," "," ",100,100,"04","04","013","013"
"794","0401342060404013420604","420604","420604"," "," ",100,100,"04","04","013","013"
"795","0401342070204013420702","420702","420702"," "," ",100,100,"04","04","013","013"
"796","0401342070304013420703","420703","420703"," "," ",100,100,"04","04","013","013"
"797","0401342070404013420704","420704","420704","P"," ",43.9,100,"04","04","013","013"
"798","0401342070404013420705","420704","420705","P"," ",19.1,100,"04","04","013","013"
"799","0401342070404013420706","420704","420706","P"," ",37,100,"04","04","013","013"
"800","0401342080004013420800","420800","420800"," "," ",100,100,"04","04","013","013"
"801","0401342090104013420901","420901","420901"," "," ",100,100,"04","04","013","013"
"802","0401342090204013420902","420902","420902"," "," ",100,100,"04","04","013","013"
"803","0401342100004013421000","421000","421000"," "," ",100,100,"04","04","013","013"
"804","0401342110104013421101","421101","421101","P"," ",100,100,"04","04","013","013"
"805","0401342110204013421102","421102","421102"," "," ",100,100,"04","04","013","013"
"806","0401302020004013421201","020200","421201","P","P",0,0,"04","04","013","013"
"807","0401331840004013421201","318400","421201","P","P",0.4,0.6,"04","04","013","013"
"808","0401342120104013421201","421201","421201","P","P",100,99.4,"04","04","013","013"
"809","0401342120204013421202","421202","421202"," "," ",100,100,"04","04","013","013"
"810","0401342130104013421301","421301","421301"," "," ",100,100,"04","04","013","013"
"811","0401342130204013421302","421302","421302"," "," ",100,100,"04","04","013","013"
"812","0401342140004013421400","421400","421400"," "," ",100,100,"04","04","013","013"
"813","0401342150104013421501","421501","421501"," "," ",100,100,"04","04","013","013"
"814","0401342150204013421502","421502","421502"," "," ",100,100,"04","04","013","013"
"815","0401342160104013421601","421601","421601"," "," ",100,100,"04","04","013","013"
"816","0401342160204013421602","421602","421602"," "," ",100,100,"04","04","013","013"
"817","0401342170004013421700","421700","421700"," "," ",100,100,"04","04","013","013"
"818","0401342180104013421801","421801","421801"," "," ",100,100,"04","04","013","013"
"819","0401342180204013421802","421802","421802"," "," ",100,100,"04","04","013","013"
"820","0401342190104013421901","421901","421901"," "," ",100,100,"04","04","013","013"
"821","0401342190204013421902","421902","421902"," "," ",100,100,"04","04","013","013"
"822","0401342200104013422001","422001","422001"," "," ",100,100,"04","04","013","013"
"823","0401342200204013422002","422002","422002"," "," ",100,100,"04","04","013","013"
"824","0401342210204013422102","422102","422102"," "," ",100,100,"04","04","013","013"
"825","0401342210304013422103","422103","422103","P"," ",54.7,100,"04","04","013","013"
"826","0401342210404013422104","422104","422104"," "," ",100,100,"04","04","013","013"
"827","0401342210504013422105","422105","422105"," "," ",100,100,"04","04","013","013"
"828","0401342210604013422106","422106","422106"," "," ",100,100,"04","04","013","013"
"829","0401342210304013422107","422103","422107","P"," ",45.3,100,"04","04","013","013"
"830","0401342220304013422203","422203","422203"," "," ",100,100,"04","04","013","013"
"831","0401342220404013422204","422204","422204"," "," ",100,100,"04","04","013","013"
"832","0401331940204013422205","319402","422205","P","P",0,0,"04","04","013","013"
"833","0401342220504013422205","422205","422205","P","P",100,100,"04","04","013","013"
"834","0401342220904013422209","422209","422209","P"," ",72.8,100,"04","04","013","013"
"835","0401342221004013422210","422210","422210","P"," ",64.4,100,"04","04","013","013"
"836","0401342221104013422211","422211","422211","P"," ",45.8,100,"04","04","013","013"
"837","0401342221204013422212","422212","422212","P"," ",99.6,100,"04","04","013","013"
"838","0401342221304013422213","422213","422213"," "," ",100,100,"04","04","013","013"
"839","0401342221404013422214","422214","422214"," "," ",100,100,"04","04","013","013"
"840","0401342221504013422215","422215","422215"," "," ",100,100,"04","04","013","013"
"841","0401342221604013422216","422216","422216"," "," ",100,100,"04","04","013","013"
"842","0401342221704013422217","422217","422217"," "," ",100,100,"04","04","013","013"
"843","0401342221104013422218","422211","422218","P"," ",54.2,100,"04","04","013","013"
"844","0401342221004013422219","422210","422219","P"," ",35.6,100,"04","04","013","013"
"845","0401342220904013422220","422209","422220","P"," ",27.2,100,"04","04","013","013"
"846","0401342230104013422301","422301","422301","P"," ",100,100,"04","04","013","013"
"847","0401342230104013422302","422301","422302","P","P",0,0,"04","04","013","013"
"848","0401342230204013422302","422302","422302"," ","P",100,100,"04","04","013","013"
"849","0401342230404013422304","422304","422304","P"," ",13.2,100,"04","04","013","013"
"850","0401342230504013422305","422305","422305","P"," ",53,100,"04","04","013","013"
"851","0401342230404013422307","422304","422307","P"," ",39.9,100,"04","04","013","013"
"852","0401342230404013422308","422304","422308","P","P",46.9,99.7,"04","04","013","013"
"853","0401342250604013422308","422506","422308","P","P",0.2,0.3,"04","04","013","013"
"854","0401342230504013422309","422305","422309","P"," ",47,100,"04","04","013","013"
"855","0401342240104013422401","422401","422401","P"," ",36.2,100,"04","04","013","013"
"856","0401342240204013422402","422402","422402","P"," ",55,100,"04","04","013","013"
"857","0401342240104013422403","422401","422403","P"," ",63.8,100,"04","04","013","013"
"858","0401342240204013422404","422402","422404","P"," ",44.9,100,"04","04","013","013"
"859","0401342250104013422501","422501","422501"," "," ",100,100,"04","04","013","013"
"860","0401342250204013422502","422502","422502"," "," ",100,100,"04","04","013","013"
"861","0401342250304013422503","422503","422503"," "," ",100,100,"04","04","013","013"
"862","0401342250404013422504","422504","422504","P"," ",37.5,100,"04","04","013","013"
"863","0401342250604013422506","422506","422506","P"," ",58.7,100,"04","04","013","013"
"864","0401342250704013422507","422507","422507","P"," ",22,100,"04","04","013","013"
"865","0401342250604013422508","422506","422508","P"," ",41.1,100,"04","04","013","013"
"866","0401342240204013422509","422402","422509","P","P",0.1,0.3,"04","04","013","013"
"867","0401342250704013422509","422507","422509","P","P",26.5,99.7,"04","04","013","013"
"868","0401342250704013422510","422507","422510","P"," ",14.1,100,"04","04","013","013"
"869","0401342250704013422511","422507","422511","P"," ",12.8,100,"04","04","013","013"
"870","0401342250704013422512","422507","422512","P","P",24.7,99.9,"04","04","013","013"
"871","0401342260104013422512","422601","422512","P","P",0,0.1,"04","04","013","013"
"872","0401342250404013422513","422504","422513","P"," ",33.8,100,"04","04","013","013"
"873","0401342250404013422514","422504","422514","P"," ",28.8,100,"04","04","013","013"
"874","0401342260104013422601","422601","422601","P"," ",9.4,100,"04","04","013","013"
"875","0401342260104013422602","422601","422602","P"," ",11.6,100,"04","04","013","013"
"876","0401342260304013422603","422603","422603"," "," ",100,100,"04","04","013","013"
"877","0401342260404013422604","422604","422604","P"," ",100,100,"04","04","013","013"
"878","0401342260504013422605","422605","422605"," "," ",100,100,"04","04","013","013"
"879","0401342260104013422606","422601","422606","P"," ",8.6,100,"04","04","013","013"
"880","0401342260704013422607","422607","422607"," "," ",100,100,"04","04","013","013"
"881","0401342260804013422608","422608","422608","P"," ",94.2,100,"04","04","013","013"
"882","0401342260404013422609","422604","422609","P","P",0,0,"04","04","013","013"
"883","0401342260904013422609","422609","422609"," ","P",100,100,"04","04","013","013"
"884","0401342261004013422610","422610","422610"," "," ",100,100,"04","04","013","013"
"885","0401342260804013422611","422608","422611","P","P",5.8,6.7,"04","04","013","013"
"886","0401342261104013422611","422611","422611"," ","P",100,93.3,"04","04","013","013"
"887","0401342260104013422612","422601","422612","P"," ",12.2,100,"04","04","013","013"
"888","0401342260104013422614","422601","422614","P"," ",13.6,100,"04","04","013","013"
"889","0401342260104013422615","422601","422615","P"," ",6.2,100,"04","04","013","013"
"890","0401342260104013422616","422601","422616","P"," ",5.3,100,"04","04","013","013"
"891","0401342260104013422617","422601","422617","P"," ",14.7,100,"04","04","013","013"
"892","0401342260104013422618","422601","422618","P"," ",7.4,100,"04","04","013","013"
"893","0401342260104013422619","422601","422619","P"," ",11.1,100,"04","04","013","013"
"894","0401352270304013522703","522703","522703","P"," ",2.3,100,"04","04","013","013"
"895","0401352270804013522708","522708","522708","P"," ",100,100,"04","04","013","013"
"896","0401352270904013522709","522709","522709","P","P",100,98.5,"04","04","013","013"
"897","0401352272104013522709","522721","522709","P","P",0.2,1.5,"04","04","013","013"
"898","0401352271104013522711","522711","522711","P","P",97.8,98.4,"04","04","013","013"
"899","0401352272004013522711","522720","522711","P","P",1.6,1.6,"04","04","013","013"
"900","0401352271204013522712","522712","522712","P"," ",18,100,"04","04","013","013"
"901","0401352271304013522713","522713","522713"," "," ",100,100,"04","04","013","013"
"902","0401352271404013522714","522714","522714"," "," ",100,100,"04","04","013","013"
"903","0401352271504013522715","522715","522715","P"," ",100,100,"04","04","013","013"
"904","0401352271604013522716","522716","522716","P"," ",7.2,100,"04","04","013","013"
"905","0401352271604013522717","522716","522717","P","P",18.3,44,"04","04","013","013"
"906","0401352271704013522717","522717","522717"," ","P",100,56,"04","04","013","013"
"907","0401352271804013522718","522718","522718","P"," ",64.8,100,"04","04","013","013"
"908","0401352270304013522719","522703","522719","P","P",0,0,"04","04","013","013"
"909","0401352271904013522719","522719","522719","P","P",45.3,100,"04","04","013","013"
"910","0401352271104013522720","522711","522720","P","P",2.2,2.2,"04","04","013","013"
"911","0401352271204013522720","522712","522720","P","P",0,0,"04","04","013","013"
"912","0401352272004013522720","522720","522720","P","P",98.4,97.8,"04","04","013","013"
"913","0401352270904013522721","522709","522721","P","P",0,0,"04","04","013","013"
"914","0401352272104013522721","522721","522721","P","P",48.3,100,"04","04","013","013"
"915","0401352272104013522722","522721","522722","P"," ",51.4,100,"04","04","013","013"
"916","0401352271004013522723","522710","522723","P"," ",67.3,100,"04","04","013","013"
"917","0401352271004013522724","522710","522724","P"," ",32.7,100,"04","04","013","013"
"918","0401352271204013522725","522712","522725","P"," ",26,100,"04","04","013","013"
"919","0401352271204013522726","522712","522726","P"," ",55.9,100,"04","04","013","013"
"920","0401352271804013522727","522718","522727","P"," ",35.2,100,"04","04","013","013"
"921","0401352271904013522729","522719","522729","P"," ",54.7,100,"04","04","013","013"
"922","0401352271504013522730","522715","522730","P","P",0,0,"04","04","013","013"
"923","0401352271604013522730","522716","522730","P","P",25.5,100,"04","04","013","013"
"924","0401352271604013522731","522716","522731","P"," ",25.9,100,"04","04","013","013"
"925","0401352271604013522732","522716","522732","P"," ",12.6,100,"04","04","013","013"
"926","0401352270804013522735","522708","522735","P","P",0,0,"04","04","013","013"
"927","0401352271604013522735","522716","522735","P","P",10.6,100,"04","04","013","013"
"928","0401352270304013522736","522703","522736","P"," ",9.4,100,"04","04","013","013"
"929","0401352270304013522737","522703","522737","P"," ",5.6,100,"04","04","013","013"
"930","0401352270304013522738","522703","522738","P"," ",5.8,100,"04","04","013","013"
"931","0401352270304013522739","522703","522739","P"," ",7.8,100,"04","04","013","013"
"932","0401352270304013522740","522703","522740","P"," ",8.9,100,"04","04","013","013"
"933","0401352270304013522741","522703","522741","P"," ",7.6,100,"04","04","013","013"
"934","0401352270304013522742","522703","522742","P"," ",6.1,100,"04","04","013","013"
"935","0401352270304013522743","522703","522743","P"," ",12,100,"04","04","013","013"
"936","0401352270304013522744","522703","522744","P"," ",6.4,100,"04","04","013","013"
"937","0401352270304013522745","522703","522745","P"," ",9.6,100,"04","04","013","013"
"938","0401352270304013522746","522703","522746","P"," ",5.3,100,"04","04","013","013"
"939","0401352270304013522747","522703","522747","P"," ",7.1,100,"04","04","013","013"
"940","0401352270304013522748","522703","522748","P"," ",3.7,100,"04","04","013","013"
"941","0401352270304013522749","522703","522749","P"," ",1.3,100,"04","04","013","013"
"942","0401352270304013522757","522703","522757","P"," ",1,100,"04","04","013","013"
"943","0401352280004013522800","522800","522800"," "," ",100,100,"04","04","013","013"
"944","0401352290104013522901","522901","522901"," "," ",100,100,"04","04","013","013"
"945","0401352290204013522902","522902","522902"," "," ",100,100,"04","04","013","013"
"946","0401352300204013523002","523002","523002"," "," ",100,100,"04","04","013","013"
"947","0401352300304013523003","523003","523003"," "," ",100,100,"04","04","013","013"
"948","0401352300504013523005","523005","523005"," "," ",100,100,"04","04","013","013"
"949","0401352300604013523006","523006","523006"," "," ",100,100,"04","04","013","013"
"950","0401352310204013523102","523102","523102"," "," ",100,100,"04","04","013","013"
"951","0401352310304013523103","523103","523103"," "," ",100,100,"04","04","013","013"
"952","0401352310404013523104","523104","523104"," "," ",100,100,"04","04","013","013"
"953","0401305060004013723301","050600","723301","P","P",0,0,"04","04","013","013"
"954","0401372330004013723301","723300","723301","P","P",34.4,100,"04","04","013","013"
"955","0401305060004013723302","050600","723302","P","P",0,0,"04","04","013","013"
"956","0401372330004013723302","723300","723302","P","P",63.9,100,"04","04","013","013"
"957","0401372330004013940700","723300","940700","P"," ",1.7,100,"04","04","013","013"
"958","0401311660104013941000","116601","941000","P","P",0,0,"04","04","013","013"
"959","0401362320004013941000","623200","941000","P","P",98.6,100,"04","04","013","013"
"960","0401372330004013941000","723300","941000","P","P",0,0,"04","04","013","013"
"961","0401362320004013941100","623200","941100","P"," ",1.4,100,"04","04","013","013"
