"","X","STATE00","COUNTY00","TRACT00","GEOID00","POP00","HU00","PART00","AREA00","AREALAND00","STATE10","COUNTY10","TRACT10","GEOID10","POP10","HU10","PART10","AREA10","AREALAND10","AREAPT","AREALANDPT","AREAPCT00PT","ARELANDPCT00PT","AREAPCT10PT","AREALANDPCT10PT","POP10PT","POPPCT00","POPPCT10","HU10PT","HUPCT00","HUPCT10"
"1",145,4,13,10100,4013010100,9716,6391,"P",2794980077,2762741625,4,13,10101,4013010101,5073,3137,"W",54316160,54285834,54316160,54285834,1.94,1.96,100,100,5073,52.21,100,3137,49.08,100
"2",146,4,13,10100,4013010100,9716,6391,"P",2794980077,2762741625,4,13,10102,4013010102,4640,3253,"W",2740265531,2708433980,2740265531,2708433980,98.04,98.03,100,100,4640,47.76,100,3253,50.9,100
"4",148,4,13,20201,4013020201,971,308,"W",100902863,99968323,4,13,941200,4013941200,971,308,"W",100902863,99968323,100902863,99968323,100,100,100,100,971,100,100,308,100,100
"12",156,4,13,30302,4013030302,4241,1684,"W",2295572,2295572,4,13,618600,4013618600,4241,1684,"W",2295572,2295572,2295572,2295572,100,100,100,100,4241,100,100,1684,100,100
"13",157,4,13,30303,4013030303,5074,2334,"W",1258093,1258093,4,13,618800,4013618800,5074,2334,"W",1258093,1258093,1258093,1258093,100,100,100,100,5074,100,100,2334,100,100
"14",158,4,13,30304,4013030304,6215,3055,"W",2571882,2571791,4,13,618900,4013618900,6215,3055,"W",2571882,2571791,2571882,2571791,100,100,100,100,6215,100,100,3055,100,100
"15",159,4,13,30307,4013030307,2859,1034,"W",1258864,1258864,4,13,618700,4013618700,2859,1034,"W",1258864,1258864,1258864,1258864,100,100,100,100,2859,100,100,1034,100,100
"16",160,4,13,30308,4013030308,3068,1569,"W",1289387,1289387,4,13,619000,4013619000,3068,1569,"W",1289387,1289387,1289387,1289387,100,100,100,100,3068,100,100,1569,100,100
"17",161,4,13,30309,4013030309,4347,1719,"W",2708685,2694151,4,13,618100,4013618100,4347,1719,"W",2708685,2694151,2708685,2694151,100,100,100,100,4347,100,100,1719,100,100
"18",162,4,13,30310,4013030310,2954,1556,"W",326526,326526,4,13,619100,4013619100,2954,1556,"W",326526,326526,326526,326526,100,100,100,100,2954,100,100,1556,100,100
"19",163,4,13,30311,4013030311,3316,2297,"W",3264069,3239956,4,13,617500,4013617500,3316,2297,"W",3264069,3239956,3264069,3239956,100,100,100,100,3316,100,100,2297,100,100
"21",165,4,13,30313,4013030313,2679,1841,"P",2627817,2612458,4,13,615400,4013615400,2679,1841,"W",2627370,2612011,2627370,2612011,99.98,99.98,100,100,2679,100,100,1841,100,100
"23",167,4,13,30314,4013030314,4453,2290,"W",969175,969175,4,13,619200,4013619200,4453,2290,"W",969175,969175,969175,969175,100,100,100,100,4453,100,100,2290,100,100
"24",168,4,13,30315,4013030315,8241,4317,"P",2605256,2605256,4,13,619300,4013619300,3972,2112,"W",1309965,1309965,1309965,1309965,50.28,50.28,100,100,3972,48.2,100,2112,48.92,100
"25",169,4,13,30315,4013030315,8241,4317,"P",2605256,2605256,4,13,619400,4013619400,4269,2205,"W",1295291,1295291,1295291,1295291,49.72,49.72,100,100,4269,51.8,100,2205,51.08,100
"26",170,4,13,30316,4013030316,4154,1834,"W",1973897,1973897,4,13,614800,4013614800,4154,1834,"W",1973897,1973897,1973897,1973897,100,100,100,100,4154,100,100,1834,100,100
"28",172,4,13,30318,4013030318,3438,1701,"P",2036772,2036772,4,13,616500,4013616500,3438,1701,"W",2012363,2012363,2012363,2012363,98.8,98.8,100,100,3438,100,100,1701,100,100
"29",173,4,13,30319,4013030319,5696,2228,"W",2537638,2537638,4,13,616600,4013616600,5696,2228,"W",2537638,2537638,2537638,2537638,100,100,100,100,5696,100,100,2228,100,100
"30",174,4,13,30322,4013030322,3851,1608,"W",1305200,1305200,4,13,618200,4013618200,3851,1608,"W",1305200,1305200,1305200,1305200,100,100,100,100,3851,100,100,1608,100,100
"31",175,4,13,30323,4013030323,3849,1468,"W",1488786,1488045,4,13,618400,4013618400,3849,1468,"W",1488786,1488045,1488786,1488045,100,100,100,100,3849,100,100,1468,100,100
"32",176,4,13,30324,4013030324,3026,1145,"W",1413807,1413807,4,13,618300,4013618300,3026,1145,"W",1413807,1413807,1413807,1413807,100,100,100,100,3026,100,100,1145,100,100
"34",178,4,13,30326,4013030326,4555,1648,"W",2784457,2781244,4,13,618000,4013618000,4555,1648,"W",2784457,2781244,2784457,2781244,100,100,100,100,4555,100,100,1648,100,100
"35",179,4,13,30327,4013030327,3647,1714,"W",1507495,1507495,4,13,618500,4013618500,3647,1714,"W",1507495,1507495,1507495,1507495,100,100,100,100,3647,100,100,1714,100,100
"36",180,4,13,30328,4013030328,6628,3055,"W",3382352,3382352,4,13,614600,4013614600,6628,3055,"W",3382352,3382352,3382352,3382352,100,100,100,100,6628,100,100,3055,100,100
"40",184,4,13,30330,4013030330,5092,2170,"W",2588575,2588575,4,13,619500,4013619500,5092,2170,"W",2588575,2588575,2588575,2588575,100,100,100,100,5092,100,100,2170,100,100
"41",185,4,13,30331,4013030331,1912,788,"W",2590877,2578785,4,13,619600,4013619600,1912,788,"W",2590877,2578785,2590877,2578785,100,100,100,100,1912,100,100,788,100,100
"42",186,4,13,30332,4013030332,3443,1497,"W",1408303,1408303,4,13,619700,4013619700,3443,1497,"W",1408303,1408303,1408303,1408303,100,100,100,100,3443,100,100,1497,100,100
"43",187,4,13,30333,4013030333,5386,3802,"W",26963395,26764975,4,13,615200,4013615200,5386,3802,"W",26963395,26764975,26963395,26764975,100,100,100,100,5386,100,100,3802,100,100
"44",188,4,13,30334,4013030334,4738,1969,"W",2475482,2475482,4,13,616700,4013616700,4738,1969,"W",2475482,2475482,2475482,2475482,100,100,100,100,4738,100,100,1969,100,100
"45",189,4,13,30335,4013030335,5595,2353,"W",2469401,2469401,4,13,616800,4013616800,5595,2353,"W",2469401,2469401,2469401,2469401,100,100,100,100,5595,100,100,2353,100,100
"46",190,4,13,30336,4013030336,3219,1281,"W",1227917,1227917,4,13,616200,4013616200,3219,1281,"W",1227917,1227917,1227917,1227917,100,100,100,100,3219,100,100,1281,100,100
"47",191,4,13,30337,4013030337,5701,3055,"W",3041666,3039170,4,13,616400,4013616400,5701,3055,"W",3041666,3039170,3041666,3039170,100,100,100,100,5701,100,100,3055,100,100
"49",193,4,13,30338,4013030338,6719,2853,"P",14374366,14335332,4,13,614300,4013614300,3124,1335,"W",12977399,12938365,12977399,12938365,90.28,90.26,100,100,3124,46.5,100,1335,46.79,100
"51",195,4,13,30338,4013030338,6719,2853,"P",14374366,14335332,4,13,616100,4013616100,3572,1508,"W",1387849,1387849,1387849,1387849,9.66,9.68,100,100,3572,53.16,100,1508,52.86,100
"52",196,4,13,30339,4013030339,2691,1105,"W",2386312,2382874,4,13,617900,4013617900,2691,1105,"W",2386312,2382874,2386312,2382874,100,100,100,100,2691,100,100,1105,100,100
"58",202,4,13,30342,4013030342,40790,15968,"P",172549579,172351352,4,13,611500,4013611500,5639,1973,"W",5608846,5608846,5608846,5608846,3.25,3.25,100,100,5639,13.82,100,1973,12.36,100
"59",203,4,13,30342,4013030342,40790,15968,"P",172549579,172351352,4,13,611600,4013611600,3062,1104,"W",4476768,4476768,4476768,4476768,2.59,2.6,100,100,3062,7.51,100,1104,6.91,100
"60",204,4,13,30342,4013030342,40790,15968,"P",172549579,172351352,4,13,611900,4013611900,3171,944,"W",10564453,10564453,10564453,10564453,6.12,6.13,100,100,3171,7.77,100,944,5.91,100
"61",205,4,13,30342,4013030342,40790,15968,"P",172549579,172351352,4,13,612000,4013612000,2710,1052,"W",14697763,14693481,14697763,14693481,8.52,8.53,100,100,2710,6.64,100,1052,6.59,100
"62",206,4,13,30342,4013030342,40790,15968,"P",172549579,172351352,4,13,612200,4013612200,3383,1583,"W",22976505,22973887,22976505,22973887,13.32,13.33,100,100,3383,8.29,100,1583,9.91,100
"63",207,4,13,30342,4013030342,40790,15968,"P",172549579,172351352,4,13,612300,4013612300,7278,3106,"W",23402934,23252751,23402934,23252751,13.56,13.49,100,100,7278,17.84,100,3106,19.45,100
"65",209,4,13,30342,4013030342,40790,15968,"P",172549579,172351352,4,13,614500,4013614500,4656,1745,"W",3535949,3535949,3535949,3535949,2.05,2.05,100,100,4656,11.41,100,1745,10.93,100
"67",211,4,13,30343,4013030343,11518,5282,"P",28718479,28709127,4,13,613000,4013613000,2945,1226,"W",10280006,10270654,10280006,10270654,35.8,35.77,100,100,2945,25.57,100,1226,23.21,100
"68",212,4,13,30343,4013030343,11518,5282,"P",28718479,28709127,4,13,613100,4013613100,2640,1641,"W",5600865,5600865,5600865,5600865,19.5,19.51,100,100,2640,22.92,100,1641,31.07,100
"69",213,4,13,30343,4013030343,11518,5282,"P",28718479,28709127,4,13,613200,4013613200,3552,1441,"W",10384933,10384933,10384933,10384933,36.16,36.17,100,100,3552,30.84,100,1441,27.28,100
"71",215,4,13,30344,4013030344,4398,1574,"P",2742963,2742963,4,13,614000,4013614000,4398,1574,"W",2727083,2727083,2727083,2727083,99.42,99.42,100,100,4398,100,100,1574,100,100
"73",217,4,13,30346,4013030346,5724,2180,"P",3410214,3392000,4,13,614100,4013614100,5724,2180,"W",3398030,3392000,3398030,3392000,99.64,100,100,100,5724,100,100,2180,100,100
"76",220,4,13,30348,4013030348,4906,2177,"W",2703585,2703585,4,13,615800,4013615800,4906,2177,"W",2703585,2703585,2703585,2703585,100,100,100,100,4906,100,100,2177,100,100
"77",221,4,13,30349,4013030349,4362,1886,"W",2431619,2431619,4,13,615900,4013615900,4362,1886,"W",2431619,2431619,2431619,2431619,100,100,100,100,4362,100,100,1886,100,100
"78",222,4,13,30350,4013030350,2237,696,"W",2511187,2511187,4,13,616000,4013616000,2237,696,"W",2511187,2511187,2511187,2511187,100,100,100,100,2237,100,100,696,100,100
"80",224,4,13,30351,4013030351,3318,1731,"P",2546800,2523129,4,13,617700,4013617700,3318,1731,"W",2546785,2523114,2546785,2523114,100,100,100,100,3318,100,100,1731,100,100
"81",225,4,13,30352,4013030352,2613,953,"W",2837450,2837450,4,13,617800,4013617800,2613,953,"W",2837450,2837450,2837450,2837450,100,100,100,100,2613,100,100,953,100,100
"82",226,4,13,30354,4013030354,4312,2113,"W",1416460,1416460,4,13,619800,4013619800,4312,2113,"W",1416460,1416460,1416460,1416460,100,100,100,100,4312,100,100,2113,100,100
"83",227,4,13,30355,4013030355,5891,2788,"W",3998319,3998319,4,13,617000,4013617000,5891,2788,"W",3998319,3998319,3998319,3998319,100,100,100,100,5891,100,100,2788,100,100
"84",228,4,13,30356,4013030356,7790,3413,"P",3102644,3102644,4,13,617100,4013617100,2222,942,"W",977413,977413,977413,977413,31.5,31.5,100,100,2222,28.52,100,942,27.6,100
"85",229,4,13,30356,4013030356,7790,3413,"P",3102644,3102644,4,13,617200,4013617200,2538,1055,"W",967369,967369,967369,967369,31.18,31.18,100,100,2538,32.58,100,1055,30.91,100
"86",230,4,13,30356,4013030356,7790,3413,"P",3102644,3102644,4,13,617300,4013617300,3030,1416,"W",1157862,1157862,1157862,1157862,37.32,37.32,100,100,3030,38.9,100,1416,41.49,100
"87",231,4,13,30357,4013030357,5990,2354,"W",3437759,3437759,4,13,619900,4013619900,5990,2354,"W",3437759,3437759,3437759,3437759,100,100,100,100,5990,100,100,2354,100,100
"88",232,4,13,30358,4013030358,10013,4533,"P",17614292,17504864,4,13,615000,4013615000,6630,3175,"W",15359522,15250094,15359522,15250094,87.2,87.12,100,100,6630,66.21,100,3175,70.04,100
"89",233,4,13,30358,4013030358,10013,4533,"P",17614292,17504864,4,13,615100,4013615100,3383,1358,"W",2254770,2254770,2254770,2254770,12.8,12.88,100,100,3383,33.79,100,1358,29.96,100
"91",235,4,13,30360,4013030360,2044,789,"W",2686802,2683263,4,13,616300,4013616300,2044,789,"W",2686802,2683263,2686802,2683263,100,100,100,100,2044,100,100,789,100,100
"92",236,4,13,30361,4013030361,6540,2468,"W",2577145,2577145,4,13,611800,4013611800,6540,2468,"W",2577145,2577145,2577145,2577145,100,100,100,100,6540,100,100,2468,100,100
"93",237,4,13,30363,4013030363,7102,2611,"W",37920128,37909216,4,13,613300,4013613300,7102,2611,"W",37920128,37909216,37920128,37909216,100,100,100,100,7102,100,100,2611,100,100
"94",238,4,13,30364,4013030364,2110,902,"W",2193743,2193743,4,13,612800,4013612800,2110,902,"W",2193743,2193743,2193743,2193743,100,100,100,100,2110,100,100,902,100,100
"95",239,4,13,30365,4013030365,2299,981,"P",2308059,2301272,4,13,612700,4013612700,2271,967,"W",2285223,2278436,2285223,2278436,99.01,99.01,100,100,2271,98.78,100,967,98.57,100
"97",241,4,13,30366,4013030366,2342,1067,"W",1327179,1327179,4,13,612600,4013612600,2342,1067,"W",1327179,1327179,1327179,1327179,100,100,100,100,2342,100,100,1067,100,100
"99",243,4,13,30367,4013030367,11146,4457,"P",36939963,36920788,4,13,612500,4013612500,4306,1741,"W",6822710,6822710,6822710,6822710,18.47,18.48,100,100,4306,38.63,100,1741,39.06,100
"101",245,4,13,30368,4013030368,3776,2412,"W",3088931,2980315,4,13,615600,4013615600,3776,2412,"W",3088931,2980315,3088931,2980315,100,100,100,100,3776,100,100,2412,100,100
"102",246,4,13,30369,4013030369,2272,1639,"P",2705175,2703428,4,13,615300,4013615300,2259,1630,"W",2672345,2670598,2672345,2670598,98.79,98.79,100,100,2259,99.43,100,1630,99.45,100
"106",250,4,13,30371,4013030371,21373,8070,"P",18722705,18720953,4,13,613600,4013613600,3967,1606,"W",6371296,6370643,6371296,6370643,34.03,34.03,100,100,3967,18.56,100,1606,19.9,100
"107",251,4,13,30371,4013030371,21373,8070,"P",18722705,18720953,4,13,613700,4013613700,5341,1765,"W",2236793,2236793,2236793,2236793,11.95,11.95,100,100,5341,24.99,100,1765,21.87,100
"108",252,4,13,30371,4013030371,21373,8070,"P",18722705,18720953,4,13,613800,4013613800,4075,1418,"W",3714840,3714840,3714840,3714840,19.84,19.84,100,100,4075,19.07,100,1418,17.57,100
"109",253,4,13,30372,4013030372,6304,2303,"W",7558917,7558917,4,13,611700,4013611700,6304,2303,"W",7558917,7558917,7558917,7558917,100,100,100,100,6304,100,100,2303,100,100
"115",259,4,13,30375,4013030375,15292,5310,"P",89827343,88928737,4,13,610900,4013610900,6027,2097,"W",26288732,25476596,26288732,25476596,29.27,28.65,100,100,6027,39.41,100,2097,39.49,100
"116",260,4,13,30375,4013030375,15292,5310,"P",89827343,88928737,4,13,611000,4013611000,2461,837,"W",5609730,5609056,5609730,5609056,6.25,6.31,100,100,2461,16.09,100,837,15.76,100
"117",261,4,13,30375,4013030375,15292,5310,"P",89827343,88928737,4,13,611100,4013611100,3270,1061,"W",5681552,5681552,5681552,5681552,6.32,6.39,100,100,3270,21.38,100,1061,19.98,100
"125",269,4,13,30378,4013030378,35086,14203,"P",83758586,83703550,4,13,610100,4013610100,1322,566,"W",21772813,21772813,21772813,21772813,25.99,26.01,100,100,1322,3.77,100,566,3.99,100
"126",270,4,13,30378,4013030378,35086,14203,"P",83758586,83703550,4,13,610200,4013610200,7612,3754,"W",10094806,10087620,10094806,10087620,12.05,12.05,100,100,7612,21.7,100,3754,26.43,100
"127",271,4,13,30378,4013030378,35086,14203,"P",83758586,83703550,4,13,610300,4013610300,8959,3246,"W",7020290,7020290,7020290,7020290,8.38,8.39,100,100,8959,25.53,100,3246,22.85,100
"128",272,4,13,30378,4013030378,35086,14203,"P",83758586,83703550,4,13,610400,4013610400,5129,1801,"W",3381135,3379206,3381135,3379206,4.04,4.04,100,100,5129,14.62,100,1801,12.68,100
"129",273,4,13,30378,4013030378,35086,14203,"P",83758586,83703550,4,13,610500,4013610500,6496,2606,"W",32114570,32097221,32114570,32097221,38.34,38.35,100,100,6496,18.51,100,2606,18.35,100
"130",274,4,13,30378,4013030378,35086,14203,"P",83758586,83703550,4,13,610600,4013610600,5546,2220,"W",9267909,9239337,9267909,9239337,11.07,11.04,100,100,5546,15.81,100,2220,15.63,100
"135",279,4,13,30400,4013030400,8178,5022,"P",84731846,84702329,4,13,30401,4013030401,4283,2927,"W",26533476,26517655,26533476,26517655,31.31,31.31,100,100,4283,52.37,100,2927,58.28,100
"136",280,4,13,30400,4013030400,8178,5022,"P",84731846,84702329,4,13,30402,4013030402,3895,2095,"W",58198370,58184674,58198370,58184674,68.69,68.69,100,100,3895,47.63,100,2095,41.72,100
"139",283,4,13,40505,4013040505,7825,5563,"P",9628456,9626633,4,13,40512,4013040512,1690,1162,"W",1952396,1952396,1952396,1952396,20.28,20.28,100,100,1690,21.6,100,1162,20.89,100
"141",285,4,13,40505,4013040505,7825,5563,"P",9628456,9626633,4,13,40514,4013040514,3104,2229,"W",3907862,3906039,3907862,3906039,40.59,40.58,100,100,3104,39.67,100,2229,40.07,100
"144",288,4,13,40508,4013040508,6954,4255,"P",4335546,4323873,4,13,40530,4013040530,3559,1518,"W",1650312,1645002,1650312,1645002,38.06,38.04,100,100,3559,51.18,100,1518,35.68,100
"145",289,4,13,40508,4013040508,6954,4255,"P",4335546,4323873,4,13,40531,4013040531,3395,2737,"W",2685234,2678871,2685234,2678871,61.94,61.96,100,100,3395,48.82,100,2737,64.32,100
"147",291,4,13,40509,4013040509,41726,20791,"P",3540098434,3535679973,4,13,40515,4013040515,4792,2625,"W",2257997072,2257688110,2257997072,2257688110,63.78,63.85,100,100,4792,11.48,100,2625,12.63,100
"149",293,4,13,40509,4013040509,41726,20791,"P",3540098434,3535679973,4,13,40517,4013040517,7621,2967,"W",153166250,152959244,153166250,152959244,4.33,4.33,100,100,7621,18.26,100,2967,14.27,100
"151",295,4,13,40509,4013040509,41726,20791,"P",3540098434,3535679973,4,13,40519,4013040519,3595,2266,"W",229716237,227410659,229716237,227410659,6.49,6.43,100,100,3595,8.62,100,2266,10.9,100
"152",296,4,13,40509,4013040509,41726,20791,"P",3540098434,3535679973,4,13,40520,4013040520,4142,1483,"W",22249225,22247215,22249225,22247215,0.63,0.63,100,100,4142,9.93,100,1483,7.13,100
"153",297,4,13,40509,4013040509,41726,20791,"P",3540098434,3535679973,4,13,40521,4013040521,4560,1612,"W",33731138,32566652,33731138,32566652,0.95,0.92,100,100,4560,10.93,100,1612,7.75,100
"154",298,4,13,40509,4013040509,41726,20791,"P",3540098434,3535679973,4,13,40522,4013040522,4181,2935,"W",5564239,5564239,5564239,5564239,0.16,0.16,100,100,4181,10.02,100,2935,14.12,100
"155",299,4,13,40509,4013040509,41726,20791,"P",3540098434,3535679973,4,13,40523,4013040523,3300,2164,"W",4373309,4363941,4373309,4363941,0.12,0.12,100,100,3300,7.91,100,2164,10.41,100
"159",303,4,13,40510,4013040510,9434,6782,"P",11813582,11813582,4,13,40528,4013040528,6212,4437,"W",7755630,7755630,7755630,7755630,65.65,65.65,100,100,6212,65.85,100,4437,65.42,100
"160",304,4,13,40510,4013040510,9434,6782,"P",11813582,11813582,4,13,40529,4013040529,3222,2345,"W",4057952,4057952,4057952,4057952,34.35,34.35,100,100,3222,34.15,100,2345,34.58,100
"161",305,4,13,40511,4013040511,11069,7505,"P",10716803,10713666,4,13,40524,4013040524,1474,1015,"W",2204772,2201635,2204772,2201635,20.57,20.55,100,100,1474,13.32,100,1015,13.52,100
"162",306,4,13,40511,4013040511,11069,7505,"P",10716803,10713666,4,13,40525,4013040525,3046,2116,"W",3574013,3574013,3574013,3574013,33.35,33.36,100,100,3046,27.52,100,2116,28.19,100
"163",307,4,13,40511,4013040511,11069,7505,"P",10716803,10713666,4,13,40526,4013040526,2365,1632,"W",2497304,2497304,2497304,2497304,23.3,23.31,100,100,2365,21.37,100,1632,21.75,100
"164",308,4,13,40511,4013040511,11069,7505,"P",10716803,10713666,4,13,40527,4013040527,4184,2742,"W",2440714,2440714,2440714,2440714,22.77,22.78,100,100,4184,37.8,100,2742,36.54,100
"166",310,4,13,50601,4013050601,31027,11402,"P",202398189,202398189,4,13,50607,4013050607,6505,2405,"W",83148580,83148580,83148580,83148580,41.08,41.08,100,100,6505,20.97,100,2405,21.09,100
"167",311,4,13,50601,4013050601,31027,11402,"P",202398189,202398189,4,13,50608,4013050608,7163,2722,"W",12997513,12997513,12997513,12997513,6.42,6.42,100,100,7163,23.09,100,2722,23.87,100
"169",313,4,13,50601,4013050601,31027,11402,"P",202398189,202398189,4,13,50610,4013050610,7915,2623,"W",37095279,37095279,37095279,37095279,18.33,18.33,100,100,7915,25.51,100,2623,23,100
"170",314,4,13,50601,4013050601,31027,11402,"P",202398189,202398189,4,13,50611,4013050611,4477,1511,"W",58767057,58767057,58767057,58767057,29.04,29.04,100,100,4477,14.43,100,1511,13.25,100
"173",317,4,13,50602,4013050602,16261,6286,"P",1000342385,1000007947,4,13,50604,4013050604,3727,1436,"W",309799487,309585245,309799487,309585245,30.97,30.96,100,100,3727,22.92,100,1436,22.84,100
"180",324,4,13,50700,4013050700,10372,3966,"P",15381195,15381195,4,13,50702,4013050702,5280,2059,"W",8069691,8069691,8069691,8069691,52.46,52.46,100,100,5280,50.91,100,2059,51.92,100
"181",325,4,13,60800,4013060800,7807,3570,"P",7282293,7193585,4,13,60801,4013060801,5832,2833,"W",3680119,3677182,3680119,3677182,50.54,51.12,100,100,5832,74.7,100,2833,79.36,100
"184",328,4,13,60900,4013060900,16956,5337,"P",5973914,5960142,4,13,60901,4013060901,4640,1543,"W",1625929,1618399,1625929,1618399,27.22,27.15,100,100,4640,27.36,100,1543,28.91,100
"185",329,4,13,60900,4013060900,16956,5337,"P",5973914,5960142,4,13,60902,4013060902,3842,1112,"W",1459837,1459837,1459837,1459837,24.44,24.49,100,100,3842,22.66,100,1112,20.84,100
"186",330,4,13,60900,4013060900,16956,5337,"P",5973914,5960142,4,13,60903,4013060903,4983,1546,"W",1300255,1300255,1300255,1300255,21.77,21.82,100,100,4983,29.39,100,1546,28.97,100
"188",332,4,13,61002,4013061002,9973,4068,"P",10365869,10285165,4,13,61010,4013061010,4638,2260,"W",6141801,6061097,6141801,6061097,59.25,58.93,100,100,4638,46.51,100,2260,55.56,100
"191",335,4,13,61002,4013061002,9973,4068,"P",10365869,10285165,4,13,61021,4013061021,1753,579,"W",1931378,1931378,1931378,1931378,18.63,18.78,100,100,1753,17.58,100,579,14.23,100
"192",336,4,13,61003,4013061003,24051,9344,"P",21832277,21771756,4,13,61012,4013061012,7680,3201,"W",10174011,10139417,10174011,10139417,46.6,46.57,100,100,7680,31.93,100,3201,34.26,100
"193",337,4,13,61003,4013061003,24051,9344,"P",21832277,21771756,4,13,61013,4013061013,5709,1917,"W",4588840,4578784,4588840,4578784,21.02,21.03,100,100,5709,23.74,100,1917,20.52,100
"194",338,4,13,61003,4013061003,24051,9344,"P",21832277,21771756,4,13,61014,4013061014,4905,2223,"W",3861612,3845741,3861612,3845741,17.69,17.66,100,100,4905,20.39,100,2223,23.79,100
"195",339,4,13,61003,4013061003,24051,9344,"P",21832277,21771756,4,13,61015,4013061015,5757,2003,"W",3207814,3207814,3207814,3207814,14.69,14.73,100,100,5757,23.94,100,2003,21.44,100
"196",340,4,13,61004,4013061004,20246,7397,"P",29955444,29929114,4,13,61022,4013061022,8869,3390,"W",7681660,7669037,7681660,7669037,25.64,25.62,100,100,8869,43.81,100,3390,45.83,100
"197",341,4,13,61004,4013061004,20246,7397,"P",29955444,29929114,4,13,61023,4013061023,9200,3309,"W",7772157,7772157,7772157,7772157,25.95,25.97,100,100,9200,45.44,100,3309,44.73,100
"198",342,4,13,61004,4013061004,20246,7397,"P",29955444,29929114,4,13,61024,4013061024,2177,698,"W",14501627,14487920,14501627,14487920,48.41,48.41,100,100,2177,10.75,100,698,9.44,100
"200",344,4,13,61005,4013061005,16184,5890,"P",75736351,75694841,4,13,61016,4013061016,4614,1505,"W",21298332,21277639,21298332,21277639,28.12,28.11,100,100,4614,28.51,100,1505,25.55,100
"201",345,4,13,61005,4013061005,16184,5890,"P",75736351,75694841,4,13,61017,4013061017,3496,0,"W",3328635,3328635,3328635,3328635,4.4,4.4,100,100,3496,21.6,100,0,0,0
"203",347,4,13,61005,4013061005,16184,5890,"P",75736351,75694841,4,13,61019,4013061019,3161,1133,"W",43209658,43209658,43209658,43209658,57.05,57.08,100,100,3161,19.53,100,1133,19.24,100
"208",352,4,13,61006,4013061006,37851,14100,"P",116430520,115867592,4,13,61040,4013061040,3929,1461,"W",1239456,1232864,1239456,1232864,1.06,1.06,100,100,3929,10.38,100,1461,10.36,100
"209",353,4,13,61006,4013061006,37851,14100,"P",116430520,115867592,4,13,61041,4013061041,4319,1420,"W",1331388,1331388,1331388,1331388,1.14,1.15,100,100,4319,11.41,100,1420,10.07,100
"212",356,4,13,61006,4013061006,37851,14100,"P",116430520,115867592,4,13,61044,4013061044,5553,1978,"W",36489703,36403226,36489703,36403226,31.34,31.42,100,100,5553,14.67,100,1978,14.03,100
"215",359,4,13,61006,4013061006,37851,14100,"P",116430520,115867592,4,13,61047,4013061047,3264,1022,"W",2489340,2483495,2489340,2483495,2.14,2.14,100,100,3264,8.62,100,1022,7.25,100
"219",363,4,13,61007,4013061007,55224,19848,"P",57339377,57213268,4,13,61029,4013061029,4905,2148,"W",2673903,2668793,2673903,2668793,4.66,4.66,100,100,4905,8.88,100,2148,10.82,100
"220",364,4,13,61007,4013061007,55224,19848,"P",57339377,57213268,4,13,61030,4013061030,7272,2522,"W",3677457,3677457,3677457,3677457,6.41,6.43,100,100,7272,13.17,100,2522,12.71,100
"222",366,4,13,61007,4013061007,55224,19848,"P",57339377,57213268,4,13,61032,4013061032,5579,1928,"W",2331151,2322582,2331151,2322582,4.07,4.06,100,100,5579,10.1,100,1928,9.71,100
"223",367,4,13,61007,4013061007,55224,19848,"P",57339377,57213268,4,13,61033,4013061033,6011,2195,"W",2566324,2559494,2566324,2559494,4.48,4.47,100,100,6011,10.88,100,2195,11.06,100
"224",368,4,13,61007,4013061007,55224,19848,"P",57339377,57213268,4,13,61034,4013061034,6764,2358,"W",2592304,2592304,2592304,2592304,4.52,4.53,100,100,6764,12.25,100,2358,11.88,100
"225",369,4,13,61007,4013061007,55224,19848,"P",57339377,57213268,4,13,61035,4013061035,6699,2366,"W",2560311,2560311,2560311,2560311,4.47,4.48,100,100,6699,12.13,100,2366,11.92,100
"226",370,4,13,61007,4013061007,55224,19848,"P",57339377,57213268,4,13,61036,4013061036,2489,852,"W",2377182,2365745,2377182,2365745,4.15,4.13,100,100,2489,4.51,100,852,4.29,100
"227",371,4,13,61007,4013061007,55224,19848,"P",57339377,57213268,4,13,61037,4013061037,3957,1444,"W",2584872,2584872,2584872,2584872,4.51,4.52,100,100,3957,7.17,100,1444,7.28,100
"228",372,4,13,61007,4013061007,55224,19848,"P",57339377,57213268,4,13,61038,4013061038,4525,1550,"W",2594969,2594969,2594969,2594969,4.53,4.54,100,100,4525,8.19,100,1550,7.81,100
"229",373,4,13,61007,4013061007,55224,19848,"P",57339377,57213268,4,13,61039,4013061039,3708,1242,"W",10304545,10282306,10304545,10282306,17.97,17.97,100,100,3708,6.71,100,1242,6.26,100
"230",374,4,13,61008,4013061008,20859,7846,"P",14967563,14948655,4,13,61025,4013061025,7445,2629,"W",4712940,4712707,4712940,4712707,31.49,31.53,100,100,7445,35.69,100,2629,33.51,100
"231",375,4,13,61008,4013061008,20859,7846,"P",14967563,14948655,4,13,61026,4013061026,5458,1917,"W",2601287,2601287,2601287,2601287,17.38,17.4,100,100,5458,26.17,100,1917,24.43,100
"232",376,4,13,61008,4013061008,20859,7846,"P",14967563,14948655,4,13,61027,4013061027,5539,2199,"W",2327450,2315747,2327450,2315747,15.55,15.49,100,100,5539,26.55,100,2199,28.03,100
"233",377,4,13,61008,4013061008,20859,7846,"P",14967563,14948655,4,13,61028,4013061028,2417,1101,"W",5325886,5318914,5325886,5318914,35.58,35.58,100,100,2417,11.59,100,1101,14.03,100
"243",387,4,13,61400,4013061400,7477,2552,"P",2999139,2996213,4,13,61401,4013061401,1972,700,"W",740869,740869,740869,740869,24.7,24.73,100,100,1972,26.37,100,700,27.43,100
"244",388,4,13,61400,4013061400,7477,2552,"P",2999139,2996213,4,13,61402,4013061402,5505,1852,"W",2240509,2237583,2240509,2237583,74.71,74.68,100,100,5505,73.63,100,1852,72.57,100
"251",395,4,13,71507,4013071507,6626,3645,"P",4828999,4828999,4,13,71516,4013071516,2886,2217,"W",2426069,2426069,2426069,2426069,50.24,50.24,100,100,2886,43.56,100,2217,60.82,100
"252",396,4,13,71507,4013071507,6626,3645,"P",4828999,4828999,4,13,71517,4013071517,3740,1428,"W",2402930,2402930,2402930,2402930,49.76,49.76,100,100,3740,56.44,100,1428,39.18,100
"254",398,4,13,71508,4013071508,7695,3544,"P",5545461,5527935,4,13,71514,4013071514,4021,1597,"W",2970786,2967289,2970786,2967289,53.57,53.68,100,100,4021,52.25,100,1597,45.06,100
"255",399,4,13,71508,4013071508,7695,3544,"P",5545461,5527935,4,13,71515,4013071515,3674,1947,"W",2573671,2559642,2573671,2559642,46.41,46.3,100,100,3674,47.75,100,1947,54.94,100
"264",408,4,13,71700,4013071700,5853,3630,"P",5989035,5980113,4,13,71701,4013071701,2634,968,"W",1994233,1994233,1994233,1994233,33.3,33.35,100,100,2634,45,100,968,26.67,100
"265",409,4,13,71700,4013071700,5853,3630,"P",5989035,5980113,4,13,71702,4013071702,3219,2662,"W",3470875,3461953,3470875,3461953,57.95,57.89,100,100,3219,55,100,2662,73.33,100
"269",413,4,13,71904,4013071904,6564,2427,"P",2602959,2602959,4,13,71914,4013071914,3125,989,"W",1301828,1301828,1301828,1301828,50.01,50.01,100,100,3125,47.61,100,989,40.75,100
"270",414,4,13,71904,4013071904,6564,2427,"P",2602959,2602959,4,13,71915,4013071915,3439,1438,"W",1301131,1301131,1301131,1301131,49.99,49.99,100,100,3439,52.39,100,1438,59.25,100
"272",416,4,13,71908,4013071908,7888,3173,"P",3857528,3855837,4,13,71912,4013071912,2817,1213,"W",1697964,1697964,1697964,1697964,44.02,44.04,100,100,2817,35.71,100,1213,38.23,100
"273",417,4,13,71908,4013071908,7888,3173,"P",3857528,3855837,4,13,71913,4013071913,5071,1960,"W",2159564,2157873,2159564,2157873,55.98,55.96,100,100,5071,64.29,100,1960,61.77,100
"283",427,4,13,82011,4013082011,15522,5007,"P",10404146,10402291,4,13,82017,4013082017,4275,1448,"W",2604575,2604575,2604575,2604575,25.03,25.04,100,100,4275,27.54,100,1448,28.92,100
"284",428,4,13,82011,4013082011,15522,5007,"P",10404146,10402291,4,13,82018,4013082018,4685,1494,"W",1325956,1325956,1325956,1325956,12.74,12.75,100,100,4685,30.18,100,1494,29.84,100
"285",429,4,13,82011,4013082011,15522,5007,"P",10404146,10402291,4,13,82028,4013082028,4214,1358,"W",1280712,1280712,1280712,1280712,12.31,12.31,100,100,4214,27.15,100,1358,27.12,100
"287",431,4,13,82013,4013082013,8294,2942,"P",6428382,6316157,4,13,82019,4013082019,2391,860,"W",1831838,1757765,1831838,1757765,28.5,27.83,100,100,2391,28.83,100,860,29.23,100
"288",432,4,13,82013,4013082013,8294,2942,"P",6428382,6316157,4,13,82020,4013082020,3833,1388,"W",1940642,1902490,1940642,1902490,30.19,30.12,100,100,3833,46.21,100,1388,47.18,100
"289",433,4,13,82013,4013082013,8294,2942,"P",6428382,6316157,4,13,82021,4013082021,2070,694,"W",2655902,2655902,2655902,2655902,41.32,42.05,100,100,2070,24.96,100,694,23.59,100
"290",434,4,13,82014,4013082014,25969,9575,"P",22729078,22721087,4,13,82022,4013082022,4171,1753,"W",3650082,3650082,3650082,3650082,16.06,16.06,100,100,4171,16.06,100,1753,18.31,100
"291",435,4,13,82014,4013082014,25969,9575,"P",22729078,22721087,4,13,82023,4013082023,5366,1829,"W",3148719,3148719,3148719,3148719,13.85,13.86,100,100,5366,20.66,100,1829,19.1,100
"292",436,4,13,82014,4013082014,25969,9575,"P",22729078,22721087,4,13,82024,4013082024,4081,1597,"W",3195696,3195696,3195696,3195696,14.06,14.06,100,100,4081,15.71,100,1597,16.68,100
"293",437,4,13,82014,4013082014,25969,9575,"P",22729078,22721087,4,13,82025,4013082025,2378,856,"W",3881514,3873523,3881514,3873523,17.08,17.05,100,100,2378,9.16,100,856,8.94,100
"294",438,4,13,82014,4013082014,25969,9575,"P",22729078,22721087,4,13,82026,4013082026,5995,2118,"W",2532456,2532456,2532456,2532456,11.14,11.15,100,100,5995,23.09,100,2118,22.12,100
"295",439,4,13,82014,4013082014,25969,9575,"P",22729078,22721087,4,13,82027,4013082027,3978,1422,"W",6320611,6320611,6320611,6320611,27.81,27.82,100,100,3978,15.32,100,1422,14.85,100
"299",443,4,13,82201,4013082201,31195,9504,"P",57702143,57397598,4,13,82203,4013082203,7512,2304,"W",5141209,5141209,5141209,5141209,8.91,8.96,100,100,7512,24.08,100,2304,24.24,100
"300",444,4,13,82201,4013082201,31195,9504,"P",57702143,57397598,4,13,82204,4013082204,5359,1594,"W",9571303,9553567,9571303,9553567,16.59,16.64,100,100,5359,17.18,100,1594,16.77,100
"301",445,4,13,82201,4013082201,31195,9504,"P",57702143,57397598,4,13,82205,4013082205,5124,1607,"W",2510744,2510744,2510744,2510744,4.35,4.37,100,100,5124,16.43,100,1607,16.91,100
"302",446,4,13,82201,4013082201,31195,9504,"P",57702143,57397598,4,13,82206,4013082206,3092,890,"W",6515862,6229053,6515862,6229053,11.29,10.85,100,100,3092,9.91,100,890,9.36,100
"303",447,4,13,82201,4013082201,31195,9504,"P",57702143,57397598,4,13,82207,4013082207,2394,809,"W",10796528,10796528,10796528,10796528,18.71,18.81,100,100,2394,7.67,100,809,8.51,100
"304",448,4,13,82201,4013082201,31195,9504,"P",57702143,57397598,4,13,82208,4013082208,2891,823,"W",18953913,18953913,18953913,18953913,32.85,33.02,100,100,2891,9.27,100,823,8.66,100
"305",449,4,13,82201,4013082201,31195,9504,"P",57702143,57397598,4,13,82211,4013082211,4823,1477,"W",4212584,4212584,4212584,4212584,7.3,7.34,100,100,4823,15.46,100,1477,15.54,100
"306",450,4,13,82202,4013082202,7473,2395,"P",3148413,3148413,4,13,82209,4013082209,2840,915,"W",954054,954054,954054,954054,30.3,30.3,100,100,2840,38,100,915,38.2,100
"307",451,4,13,82202,4013082202,7473,2395,"P",3148413,3148413,4,13,82210,4013082210,4633,1480,"W",2194359,2194359,2194359,2194359,69.7,69.7,100,100,4633,62,100,1480,61.8,100
"308",452,4,13,92304,4013092304,7877,4225,"P",2479169,2479169,4,13,92311,4013092311,2876,1453,"W",647199,647199,647199,647199,26.11,26.11,100,100,2876,36.51,100,1453,34.39,100
"318",462,4,13,92400,4013092400,7414,3450,"P",2596229,2596229,4,13,92401,4013092401,4045,1896,"W",1289187,1289187,1289187,1289187,49.66,49.66,100,100,4045,54.56,100,1896,54.96,100
"319",463,4,13,92400,4013092400,7414,3450,"P",2596229,2596229,4,13,92402,4013092402,3369,1554,"W",1307042,1307042,1307042,1307042,50.34,50.34,100,100,3369,45.44,100,1554,45.04,100
"325",469,4,13,92703,4013092703,7945,2467,"P",2583823,2583823,4,13,92715,4013092715,4037,1299,"W",1286305,1286305,1286305,1286305,49.78,49.78,100,100,4037,50.81,100,1299,52.66,100
"326",470,4,13,92703,4013092703,7945,2467,"P",2583823,2583823,4,13,92716,4013092716,3908,1168,"W",1297518,1297518,1297518,1297518,50.22,50.22,100,100,3908,49.19,100,1168,47.34,100
"331",475,4,13,92706,4013092706,11497,4681,"P",28864675,28856113,4,13,92719,4013092719,4277,1740,"W",2592225,2592225,2592225,2592225,8.98,8.98,100,100,4277,37.2,100,1740,37.17,100
"332",476,4,13,92706,4013092706,11497,4681,"P",28864675,28856113,4,13,92720,4013092720,4407,2049,"W",23691970,23684363,23691970,23684363,82.08,82.08,100,100,4407,38.33,100,2049,43.77,100
"333",477,4,13,92706,4013092706,11497,4681,"P",28864675,28856113,4,13,92721,4013092721,2801,888,"W",2536618,2535663,2536618,2535663,8.79,8.79,100,100,2801,24.36,100,888,18.97,100
"335",479,4,13,92707,4013092707,7586,3379,"P",5826144,5816804,4,13,92723,4013092723,4114,1774,"W",2589389,2583375,2589389,2583375,44.44,44.41,100,100,4114,54.23,100,1774,52.5,100
"336",480,4,13,92707,4013092707,7586,3379,"P",5826144,5816804,4,13,92724,4013092724,3472,1605,"W",2448688,2448688,2448688,2448688,42.03,42.1,100,100,3472,45.77,100,1605,47.5,100
"343",487,4,13,92714,4013092714,8661,2865,"P",2597754,2597754,4,13,92717,4013092717,4870,1608,"W",1297311,1297311,1297311,1297311,49.94,49.94,100,100,4870,56.23,100,1608,56.13,100
"344",488,4,13,92714,4013092714,8661,2865,"P",2597754,2597754,4,13,92718,4013092718,3791,1257,"W",1300443,1300443,1300443,1300443,50.06,50.06,100,100,3791,43.77,100,1257,43.87,100
"346",490,4,13,92800,4013092800,9973,3457,"P",2515451,2515451,4,13,92802,4013092802,5217,1739,"W",1259335,1259335,1259335,1259335,50.06,50.06,100,100,5217,52.31,100,1739,50.3,100
"350",494,4,13,93000,4013093000,8923,3541,"P",2566367,2566367,4,13,93001,4013093001,4841,2144,"W",1444252,1444252,1444252,1444252,56.28,56.28,100,100,4841,54.25,100,2144,60.55,100
"351",495,4,13,93000,4013093000,8923,3541,"P",2566367,2566367,4,13,93002,4013093002,4082,1397,"W",1122115,1122115,1122115,1122115,43.72,43.72,100,100,4082,45.75,100,1397,39.45,100
"353",497,4,13,93102,4013093102,9310,3428,"P",2513498,2513498,4,13,93105,4013093105,5242,2234,"W",1253898,1253898,1253898,1253898,49.89,49.89,100,100,5242,56.31,100,2234,65.17,100
"354",498,4,13,93102,4013093102,9310,3428,"P",2513498,2513498,4,13,93106,4013093106,4068,1194,"W",1259600,1259600,1259600,1259600,50.11,50.11,100,100,4068,43.69,100,1194,34.83,100
"371",515,4,13,103218,4013103218,6006,3532,"P",5074301,5074301,4,13,103219,4013103219,3012,1798,"W",2888582,2888582,2888582,2888582,56.93,56.93,100,100,3012,50.15,100,1798,50.91,100
"372",516,4,13,103218,4013103218,6006,3532,"P",5074301,5074301,4,13,103220,4013103220,2994,1734,"W",2185719,2185719,2185719,2185719,43.07,43.07,100,100,2994,49.85,100,1734,49.09,100
"392",536,4,13,103700,4013103700,7756,4289,"P",7288253,7288253,4,13,103701,4013103701,4700,2558,"W",2570884,2570884,2570884,2570884,35.27,35.27,100,100,4700,60.6,100,2558,59.64,100
"393",537,4,13,103700,4013103700,7756,4289,"P",7288253,7288253,4,13,103702,4013103702,3056,1731,"W",4717369,4717369,4717369,4717369,64.73,64.73,100,100,3056,39.4,100,1731,40.36,100
"418",562,4,13,104300,4013104300,6509,3470,"P",2567698,2487894,4,13,104301,4013104301,3300,1269,"W",1486941,1486941,1486941,1486941,57.91,59.77,100,100,3300,50.7,100,1269,36.57,100
"419",563,4,13,104300,4013104300,6509,3470,"P",2567698,2487894,4,13,104302,4013104302,3209,2201,"W",1080757,1000953,1080757,1000953,42.09,40.23,100,100,3209,49.3,100,2201,63.43,100
"420",564,4,13,104400,4013104400,7555,3744,"P",5130647,5105339,4,13,104401,4013104401,5017,2374,"W",2549156,2549156,2549156,2549156,49.68,49.93,100,100,5017,66.41,100,2374,63.41,100
"421",565,4,13,104400,4013104400,7555,3744,"P",5130647,5105339,4,13,104402,4013104402,2538,1370,"W",2581491,2556183,2581491,2556183,50.32,50.07,100,100,2538,33.59,100,1370,36.59,100
"425",569,4,13,104700,4013104700,6915,3809,"P",2510595,2510595,4,13,104701,4013104701,2474,1699,"W",1067299,1067299,1067299,1067299,42.51,42.51,100,100,2474,35.78,100,1699,44.6,100
"426",570,4,13,104700,4013104700,6915,3809,"P",2510595,2510595,4,13,104702,4013104702,4441,2110,"W",1443266,1443266,1443266,1443266,57.49,57.49,100,100,4441,64.22,100,2110,55.4,100
"431",575,4,13,105001,4013105001,7663,3233,"P",23493676,23421777,4,13,105003,4013105003,4549,1763,"W",10622844,10554193,10622844,10554193,45.22,45.06,100,100,4549,59.36,100,1763,54.53,100
"432",576,4,13,105001,4013105001,7663,3233,"P",23493676,23421777,4,13,105004,4013105004,3114,1470,"W",12870832,12867584,12870832,12867584,54.78,54.94,100,100,3114,40.64,100,1470,45.47,100
"441",585,4,13,105500,4013105500,7525,4128,"P",2578603,2558350,4,13,105501,4013105501,2355,1047,"W",1288058,1288058,1288058,1288058,49.95,50.35,100,100,2355,31.3,100,1047,25.36,100
"442",586,4,13,105500,4013105500,7525,4128,"P",2578603,2558350,4,13,105502,4013105502,1891,1027,"W",639843,639843,639843,639843,24.81,25.01,100,100,1891,25.13,100,1027,24.88,100
"443",587,4,13,105500,4013105500,7525,4128,"P",2578603,2558350,4,13,105503,4013105503,3279,2054,"W",650702,630449,650702,630449,25.23,24.64,100,100,3279,43.57,100,2054,49.76,100
"451",595,4,13,106000,4013106000,7094,3242,"P",2586709,2586709,4,13,106001,4013106001,1671,668,"W",702927,702927,702927,702927,27.17,27.17,100,100,1671,23.56,100,668,20.6,100
"452",596,4,13,106000,4013106000,7094,3242,"P",2586709,2586709,4,13,106002,4013106002,2248,1169,"W",942649,942649,942649,942649,36.44,36.44,100,100,2248,31.69,100,1169,36.06,100
"453",597,4,13,106000,4013106000,7094,3242,"P",2586709,2586709,4,13,106003,4013106003,3175,1405,"W",941133,941133,941133,941133,36.38,36.38,100,100,3175,44.76,100,1405,43.34,100
"458",602,4,13,106500,4013106500,6419,3784,"P",2623107,2623107,4,13,106501,4013106501,2877,1671,"W",1313676,1313676,1313676,1313676,50.08,50.08,100,100,2877,44.82,100,1671,44.16,100
"459",603,4,13,106500,4013106500,6419,3784,"P",2623107,2623107,4,13,106502,4013106502,3542,2113,"W",1309431,1309431,1309431,1309431,49.92,49.92,100,100,3542,55.18,100,2113,55.84,100
"461",605,4,13,106700,4013106700,7203,3680,"P",2578086,2571451,4,13,106701,4013106701,3961,2057,"W",633677,633677,633677,633677,24.58,24.64,100,100,3961,54.99,100,2057,55.9,100
"462",606,4,13,106700,4013106700,7203,3680,"P",2578086,2571451,4,13,106702,4013106702,1213,649,"W",649356,649356,649356,649356,25.19,25.25,100,100,1213,16.84,100,649,17.64,100
"463",607,4,13,106700,4013106700,7203,3680,"P",2578086,2571451,4,13,106703,4013106703,2029,974,"W",1295053,1288418,1295053,1288418,50.23,50.1,100,100,2029,28.17,100,974,26.47,100
"464",608,4,13,106800,4013106800,7189,3671,"P",2582004,2582004,4,13,106801,4013106801,3941,2136,"W",702983,702983,702983,702983,27.23,27.23,100,100,3941,54.82,100,2136,58.19,100
"465",609,4,13,106800,4013106800,7189,3671,"P",2582004,2582004,4,13,106802,4013106802,3248,1535,"W",1879021,1879021,1879021,1879021,72.77,72.77,100,100,3248,45.18,100,1535,41.81,100
"475",619,4,13,107600,4013107600,5480,3372,"P",2615113,2615113,4,13,107601,4013107601,2800,1930,"W",1310496,1310496,1310496,1310496,50.11,50.11,100,100,2800,51.09,100,1930,57.24,100
"476",620,4,13,107600,4013107600,5480,3372,"P",2615113,2615113,4,13,107602,4013107602,2680,1442,"W",1304617,1304617,1304617,1304617,49.89,49.89,100,100,2680,48.91,100,1442,42.76,100
"485",629,4,13,108300,4013108300,6105,3478,"P",3625190,3607516,4,13,108301,4013108301,3405,1858,"W",2291624,2273950,2291624,2273950,63.21,63.03,100,100,3405,55.77,100,1858,53.42,100
"486",630,4,13,108300,4013108300,6105,3478,"P",3625190,3607516,4,13,108302,4013108302,2700,1620,"W",1333566,1333566,1333566,1333566,36.79,36.97,100,100,2700,44.23,100,1620,46.58,100
"488",632,4,13,108500,4013108500,5779,3648,"P",2589253,2589253,4,13,108501,4013108501,2250,1179,"W",1295678,1295678,1295678,1295678,50.04,50.04,100,100,2250,38.93,100,1179,32.32,100
"489",633,4,13,108500,4013108500,5779,3648,"P",2589253,2589253,4,13,108502,4013108502,3529,2469,"W",1293575,1293575,1293575,1293575,49.96,49.96,100,100,3529,61.07,100,2469,67.68,100
"497",641,4,13,109000,4013109000,14183,5494,"P",2560815,2550907,4,13,109001,4013109001,4146,1750,"W",650542,650542,650542,650542,25.4,25.5,100,100,4146,29.23,100,1750,31.85,100
"498",642,4,13,109000,4013109000,14183,5494,"P",2560815,2550907,4,13,109002,4013109002,4563,1738,"W",942943,942943,942943,942943,36.82,36.97,100,100,4563,32.17,100,1738,31.63,100
"499",643,4,13,109000,4013109000,14183,5494,"P",2560815,2550907,4,13,109003,4013109003,5474,2006,"W",967330,957422,967330,957422,37.77,37.53,100,100,5474,38.6,100,2006,36.51,100
"500",644,4,13,109100,4013109100,8582,2637,"P",2567317,2567317,4,13,109101,4013109101,3283,913,"W",1286004,1286004,1286004,1286004,50.09,50.09,100,100,3283,38.25,100,913,34.62,100
"501",645,4,13,109100,4013109100,8582,2637,"P",2567317,2567317,4,13,109102,4013109102,5299,1724,"W",1281313,1281313,1281313,1281313,49.91,49.91,100,100,5299,61.75,100,1724,65.38,100
"525",669,4,13,110300,4013110300,7106,2861,"P",2545785,2532649,4,13,117000,4013117000,5678,2470,"W",1933812,1924560,1933812,1924560,75.96,75.99,100,100,5678,79.9,100,2470,86.33,100
"527",671,4,13,110500,4013110500,5218,3867,"P",2724754,2724754,4,13,110501,4013110501,2899,2191,"W",1414637,1414637,1414637,1414637,51.92,51.92,100,100,2899,55.56,100,2191,56.66,100
"528",672,4,13,110500,4013110500,5218,3867,"P",2724754,2724754,4,13,110502,4013110502,2319,1676,"W",1310117,1310117,1310117,1310117,48.08,48.08,100,100,2319,44.44,100,1676,43.34,100
"532",676,4,13,110800,4013110800,7321,3647,"P",2603312,2603312,4,13,110801,4013110801,5006,2535,"W",1296655,1296655,1296655,1296655,49.81,49.81,100,100,5006,68.38,100,2535,69.51,100
"533",677,4,13,110800,4013110800,7321,3647,"P",2603312,2603312,4,13,110802,4013110802,2315,1112,"W",1306657,1306657,1306657,1306657,50.19,50.19,100,100,2315,31.62,100,1112,30.49,100
"534",678,4,13,110900,4013110900,7379,3967,"P",2649940,2649940,4,13,110901,4013110901,3075,1751,"W",1328208,1328208,1328208,1328208,50.12,50.12,100,100,3075,41.67,100,1751,44.14,100
"535",679,4,13,110900,4013110900,7379,3967,"P",2649940,2649940,4,13,110902,4013110902,4304,2216,"W",1321732,1321732,1321732,1321732,49.88,49.88,100,100,4304,58.33,100,2216,55.86,100
"569",713,4,13,112506,4013112506,31447,10902,"P",68346643,68273967,4,13,112509,4013112509,6909,3254,"W",5603665,5603665,5603665,5603665,8.2,8.21,100,100,6909,21.97,100,3254,29.85,100
"571",715,4,13,112506,4013112506,31447,10902,"P",68346643,68273967,4,13,112511,4013112511,6816,2026,"W",11060811,11056182,11060811,11056182,16.18,16.19,100,100,6816,21.67,100,2026,18.58,100
"572",716,4,13,112506,4013112506,31447,10902,"P",68346643,68273967,4,13,112512,4013112512,1796,817,"W",11703783,11698869,11703783,11698869,17.12,17.14,100,100,1796,5.71,100,817,7.49,100
"573",717,4,13,112506,4013112506,31447,10902,"P",68346643,68273967,4,13,112513,4013112513,8131,2362,"W",7768313,7768313,7768313,7768313,11.37,11.38,100,100,8131,25.86,100,2362,21.67,100
"574",718,4,13,112506,4013112506,31447,10902,"P",68346643,68273967,4,13,112514,4013112514,3633,1229,"W",21920041,21856908,21920041,21856908,32.07,32.01,100,100,3633,11.55,100,1229,11.27,100
"597",741,4,13,113800,4013113800,2152,1259,"P",18875866,18781408,4,13,113801,4013113801,2135,1255,"W",5330824,5307763,5330824,5307763,28.24,28.26,100,100,2135,99.21,100,1255,99.68,100
"639",783,4,13,116601,4013116601,48305,16332,"P",61443516,61335282,4,13,116603,4013116603,5736,1776,"W",6532433,6532433,6532433,6532433,10.63,10.65,100,100,5736,11.87,100,1776,10.87,100
"640",784,4,13,116601,4013116601,48305,16332,"P",61443516,61335282,4,13,116604,4013116604,4000,1362,"W",2569403,2569403,2569403,2569403,4.18,4.19,100,100,4000,8.28,100,1362,8.34,100
"641",785,4,13,116601,4013116601,48305,16332,"P",61443516,61335282,4,13,116605,4013116605,5066,1744,"W",2563356,2563356,2563356,2563356,4.17,4.18,100,100,5066,10.49,100,1744,10.68,100
"642",786,4,13,116601,4013116601,48305,16332,"P",61443516,61335282,4,13,116606,4013116606,5663,1843,"W",2577688,2577688,2577688,2577688,4.2,4.2,100,100,5663,11.72,100,1843,11.28,100
"643",787,4,13,116601,4013116601,48305,16332,"P",61443516,61335282,4,13,116607,4013116607,2526,785,"W",2584010,2583288,2584010,2583288,4.21,4.21,100,100,2526,5.23,100,785,4.81,100
"644",788,4,13,116601,4013116601,48305,16332,"P",61443516,61335282,4,13,116608,4013116608,3553,1243,"W",6949020,6948416,6949020,6948416,11.31,11.33,100,100,3553,7.36,100,1243,7.61,100
"645",789,4,13,116601,4013116601,48305,16332,"P",61443516,61335282,4,13,116609,4013116609,3176,1138,"W",7866488,7866488,7866488,7866488,12.8,12.83,100,100,3176,6.57,100,1138,6.97,100
"646",790,4,13,116601,4013116601,48305,16332,"P",61443516,61335282,4,13,116610,4013116610,4437,1564,"W",5154385,5051129,5154385,5051129,8.39,8.24,100,100,4437,9.19,100,1564,9.58,100
"648",792,4,13,116601,4013116601,48305,16332,"P",61443516,61335282,4,13,116612,4013116612,4862,1563,"W",7767361,7763709,7767361,7763709,12.64,12.66,100,100,4862,10.07,100,1563,9.57,100
"649",793,4,13,116601,4013116601,48305,16332,"P",61443516,61335282,4,13,116613,4013116613,6489,2294,"W",7727015,7727015,7727015,7727015,12.58,12.6,100,100,6489,13.43,100,2294,14.05,100
"656",800,4,13,116705,4013116705,4149,1594,"P",75761207,75757446,4,13,116732,4013116732,3446,1299,"W",6646468,6646468,6646468,6646468,8.77,8.77,100,100,3446,83.06,100,1299,81.49,100
"657",801,4,13,116705,4013116705,4149,1594,"P",75761207,75757446,4,13,116733,4013116733,283,116,"W",65598306,65594545,65598306,65594545,86.59,86.58,100,100,283,6.82,100,116,7.28,100
"676",820,4,13,116726,4013116726,5027,1848,"P",7582694,7581944,4,13,116730,4013116730,1793,635,"W",4466414,4465664,4466414,4465664,58.9,58.9,100,100,1793,35.67,100,635,34.36,100
"677",821,4,13,116726,4013116726,5027,1848,"P",7582694,7581944,4,13,116731,4013116731,3234,1213,"W",3116280,3116280,3116280,3116280,41.1,41.1,100,100,3234,64.33,100,1213,65.64,100
"693",837,4,13,216811,4013216811,6766,4107,"P",5280428,5145932,4,13,216832,4013216832,2268,1823,"W",1962157,1827661,1962157,1827661,37.16,35.52,100,100,2268,33.52,100,1823,44.39,100
"696",840,4,13,216812,4013216812,4701,3399,"P",5527340,5155777,4,13,216834,4013216834,2218,1363,"W",2980866,2872389,2980866,2872389,53.93,55.71,100,100,2218,47.18,100,1363,40.1,100
"697",841,4,13,216812,4013216812,4701,3399,"P",5527340,5155777,4,13,216835,4013216835,2483,2036,"W",2546474,2283388,2546474,2283388,46.07,44.29,100,100,2483,52.82,100,2036,59.9,100
"699",843,4,13,216814,4013216814,8286,4496,"P",6973288,6971081,4,13,216836,4013216836,3580,1482,"W",4170793,4168586,4170793,4168586,59.81,59.8,100,100,3580,43.21,100,1482,32.96,100
"704",848,4,13,216815,4013216815,8744,3772,"P",6097923,6097923,4,13,216838,4013216838,4791,2183,"W",2652983,2652983,2652983,2652983,43.51,43.51,100,100,4791,54.79,100,2183,57.87,100
"705",849,4,13,216815,4013216815,8744,3772,"P",6097923,6097923,4,13,216839,4013216839,3953,1589,"W",3371777,3371777,3371777,3371777,55.29,55.29,100,100,3953,45.21,100,1589,42.13,100
"717",861,4,13,216823,4013216823,7650,3362,"P",15164460,15145812,4,13,216840,4013216840,4594,1928,"W",10003085,10003085,10003085,10003085,65.96,66.05,100,100,4594,60.05,100,1928,57.35,100
"718",862,4,13,216823,4013216823,7650,3362,"P",15164460,15145812,4,13,216841,4013216841,3056,1434,"W",5161375,5142727,5161375,5142727,34.04,33.95,100,100,3056,39.95,100,1434,42.65,100
"719",863,4,13,216824,4013216824,8413,5935,"P",17610065,17498201,4,13,216842,4013216842,3556,1483,"W",4178887,4178887,4178887,4178887,23.73,23.88,100,100,3556,42.27,100,1483,24.99,100
"720",864,4,13,216824,4013216824,8413,5935,"P",17610065,17498201,4,13,216844,4013216844,2965,2596,"W",6757280,6757280,6757280,6757280,38.37,38.62,100,100,2965,35.24,100,2596,43.74,100
"721",865,4,13,216824,4013216824,8413,5935,"P",17610065,17498201,4,13,216845,4013216845,1892,1856,"W",6673898,6562034,6673898,6562034,37.9,37.5,100,100,1892,22.49,100,1856,31.27,100
"728",872,4,13,216827,4013216827,11545,7214,"P",4582137,4582137,4,13,216850,4013216850,4168,2428,"W",1889383,1889383,1889383,1889383,41.23,41.23,100,100,4168,36.1,100,2428,33.66,100
"729",873,4,13,216827,4013216827,11545,7214,"P",4582137,4582137,4,13,216852,4013216852,2861,2016,"W",969771,969771,969771,969771,21.16,21.16,100,100,2861,24.78,100,2016,27.95,100
"730",874,4,13,216827,4013216827,11545,7214,"P",4582137,4582137,4,13,216853,4013216853,4516,2770,"W",1722983,1722983,1722983,1722983,37.6,37.6,100,100,4516,39.12,100,2770,38.4,100
"733",877,4,13,216828,4013216828,13235,6875,"P",88931918,88924967,4,13,216847,4013216847,5825,2718,"W",9255202,9255202,9255202,9255202,10.41,10.41,100,100,5825,44.01,100,2718,39.53,100
"734",878,4,13,216828,4013216828,13235,6875,"P",88931918,88924967,4,13,216851,4013216851,4143,2040,"W",55929607,55929607,55929607,55929607,62.89,62.9,100,100,4143,31.3,100,2040,29.67,100
"744",888,4,13,217202,4013217202,5970,4691,"P",1928123,1898248,4,13,217203,4013217203,2804,2547,"W",1311064,1287058,1311064,1287058,68,67.8,100,100,2804,46.97,100,2547,54.3,100
"745",889,4,13,217202,4013217202,5970,4691,"P",1928123,1898248,4,13,217204,4013217204,3166,2144,"W",617059,611190,617059,611190,32,32.2,100,100,3166,53.03,100,2144,45.7,100
"749",893,4,13,217500,4013217500,6047,3581,"P",1854307,1854307,4,13,217501,4013217501,3293,1713,"W",1048260,1048260,1048260,1048260,56.53,56.53,100,100,3293,54.46,100,1713,47.84,100
"750",894,4,13,217500,4013217500,6047,3581,"P",1854307,1854307,4,13,217502,4013217502,2754,1868,"W",806047,806047,806047,806047,43.47,43.47,100,100,2754,45.54,100,1868,52.16,100
"771",915,4,13,319102,4013319102,9606,5449,"P",2245118,2245118,4,13,319103,4013319103,4504,2397,"W",957248,957248,957248,957248,42.64,42.64,100,100,4504,46.89,100,2397,43.99,100
"772",916,4,13,319102,4013319102,9606,5449,"P",2245118,2245118,4,13,319104,4013319104,5102,3052,"W",1287870,1287870,1287870,1287870,57.36,57.36,100,100,5102,53.11,100,3052,56.01,100
"786",930,4,13,319702,4013319702,8358,3662,"P",5221131,5188035,4,13,319705,4013319705,3412,1435,"W",3848434,3848434,3848434,3848434,73.71,74.18,100,100,3412,40.82,100,1435,39.19,100
"787",931,4,13,319702,4013319702,8358,3662,"P",5221131,5188035,4,13,319706,4013319706,4946,2227,"W",1372697,1339601,1372697,1339601,26.29,25.82,100,100,4946,59.18,100,2227,60.81,100
"806",950,4,13,420101,4013420101,11800,4768,"P",25710786,25570423,4,13,420107,4013420107,6556,2774,"W",8276525,8187466,8276525,8187466,32.19,32.02,100,100,6556,55.56,100,2774,58.18,100
"807",951,4,13,420101,4013420101,11800,4768,"P",25710786,25570423,4,13,420108,4013420108,1406,552,"W",9793231,9793231,9793231,9793231,38.09,38.3,100,100,1406,11.92,100,552,11.58,100
"808",952,4,13,420101,4013420101,11800,4768,"P",25710786,25570423,4,13,420109,4013420109,3838,1442,"W",7641030,7589726,7641030,7589726,29.72,29.68,100,100,3838,32.53,100,1442,30.24,100
"809",953,4,13,420102,4013420102,5442,3598,"P",3882532,3844115,4,13,420115,4013420115,2577,1484,"W",1862697,1824280,1862697,1824280,47.98,47.46,100,100,2577,47.35,100,1484,41.25,100
"810",954,4,13,420102,4013420102,5442,3598,"P",3882532,3844115,4,13,420116,4013420116,2865,2114,"W",2019835,2019835,2019835,2019835,52.02,52.54,100,100,2865,52.65,100,2114,58.75,100
"811",955,4,13,420103,4013420103,6655,3259,"P",3880746,3880746,4,13,420113,4013420113,3380,1966,"W",1283634,1283634,1283634,1283634,33.08,33.08,100,100,3380,50.79,100,1966,60.33,100
"812",956,4,13,420103,4013420103,6655,3259,"P",3880746,3880746,4,13,420114,4013420114,3275,1293,"W",2597112,2597112,2597112,2597112,66.92,66.92,100,100,3275,49.21,100,1293,39.67,100
"815",959,4,13,420106,4013420106,12085,4480,"P",30303284,30292275,4,13,420110,4013420110,4865,1903,"W",25787463,25787463,25787463,25787463,85.1,85.13,100,100,4865,40.26,100,1903,42.48,100
"816",960,4,13,420106,4013420106,12085,4480,"P",30303284,30292275,4,13,420111,4013420111,3948,1364,"W",2588115,2577106,2588115,2577106,8.54,8.51,100,100,3948,32.67,100,1364,30.45,100
"817",961,4,13,420106,4013420106,12085,4480,"P",30303284,30292275,4,13,420112,4013420112,3272,1213,"W",1927706,1927706,1927706,1927706,6.36,6.36,100,100,3272,27.07,100,1213,27.08,100
"819",963,4,13,420203,4013420203,5264,5523,"P",3889284,3881755,4,13,420213,4013420213,1753,3063,"W",1303278,1303278,1303278,1303278,33.51,33.57,100,100,1753,33.3,100,3063,55.46,100
"820",964,4,13,420203,4013420203,5264,5523,"P",3889284,3881755,4,13,420214,4013420214,3511,2460,"W",2586006,2578477,2586006,2578477,66.49,66.43,100,100,3511,66.7,100,2460,44.54,100
"821",965,4,13,420204,4013420204,5649,2924,"P",5179802,5179802,4,13,420215,4013420215,1760,661,"W",2595268,2595268,2595268,2595268,50.1,50.1,100,100,1760,31.16,100,661,22.61,100
"822",966,4,13,420204,4013420204,5649,2924,"P",5179802,5179802,4,13,420216,4013420216,3889,2263,"W",2584534,2584534,2584534,2584534,49.9,49.9,100,100,3889,68.84,100,2263,77.39,100
"836",980,4,13,420400,4013420400,6279,2363,"P",12921613,12350384,4,13,420401,4013420401,4654,1844,"W",3098269,3067614,3098269,3067614,23.98,24.84,100,100,4654,74.12,100,1844,78.04,100
"839",983,4,13,420502,4013420502,6668,2724,"P",2685442,2657954,4,13,420503,4013420503,3430,1414,"W",1331166,1318653,1331166,1318653,49.57,49.61,100,100,3430,51.44,100,1414,51.91,100
"840",984,4,13,420502,4013420502,6668,2724,"P",2685442,2657954,4,13,420504,4013420504,3238,1310,"W",1354276,1339301,1354276,1339301,50.43,50.39,100,100,3238,48.56,100,1310,48.09,100
"845",989,4,13,420702,4013420702,5613,4434,"P",2596204,2593490,4,13,420709,4013420709,2626,2739,"W",1305740,1303026,1305740,1303026,50.29,50.24,100,100,2626,46.78,100,2739,61.77,100
"846",990,4,13,420702,4013420702,5613,4434,"P",2596204,2593490,4,13,420710,4013420710,2987,1695,"W",1290464,1290464,1290464,1290464,49.71,49.76,100,100,2987,53.22,100,1695,38.23,100
"847",991,4,13,420703,4013420703,6030,5396,"P",2593229,2593229,4,13,420707,4013420707,2276,2138,"W",1296817,1296817,1296817,1296817,50.01,50.01,100,100,2276,37.74,100,2138,39.62,100
"848",992,4,13,420703,4013420703,6030,5396,"P",2593229,2593229,4,13,420708,4013420708,3754,3258,"W",1296412,1296412,1296412,1296412,49.99,49.99,100,100,3754,62.26,100,3258,60.38,100
"855",999,4,13,421000,4013421000,6202,3527,"P",2558445,2551203,4,13,421001,4013421001,3556,1900,"W",1277481,1277481,1277481,1277481,49.93,50.07,100,100,3556,57.34,100,1900,53.87,100
"856",1000,4,13,421000,4013421000,6202,3527,"P",2558445,2551203,4,13,421002,4013421002,2646,1627,"W",1280964,1273722,1280964,1273722,50.07,49.93,100,100,2646,42.66,100,1627,46.13,100
"862",1006,4,13,421301,4013421301,7691,3418,"P",4139110,4139110,4,13,421303,4013421303,4773,1871,"W",1813541,1813541,1813541,1813541,43.81,43.81,100,100,4773,62.06,100,1871,54.74,100
"863",1007,4,13,421301,4013421301,7691,3418,"P",4139110,4139110,4,13,421304,4013421304,2918,1547,"W",2325569,2325569,2325569,2325569,56.19,56.19,100,100,2918,37.94,100,1547,45.26,100
"870",1014,4,13,421700,4013421700,8005,4056,"P",2572605,2572605,4,13,421701,4013421701,4601,2352,"W",1281877,1281877,1281877,1281877,49.83,49.83,100,100,4601,57.48,100,2352,57.99,100
"871",1015,4,13,421700,4013421700,8005,4056,"P",2572605,2572605,4,13,421702,4013421702,3404,1704,"W",1290728,1290728,1290728,1290728,50.17,50.17,100,100,3404,42.52,100,1704,42.01,100
"896",1040,4,13,422214,4013422214,6218,2930,"P",2879296,2842858,4,13,422221,4013422221,4075,2063,"W",1901137,1864699,1901137,1864699,66.03,65.59,100,100,4075,65.54,100,2063,70.41,100
"897",1041,4,13,422214,4013422214,6218,2930,"P",2879296,2842858,4,13,422222,4013422222,2143,867,"W",978159,978159,978159,978159,33.97,34.41,100,100,2143,34.46,100,867,29.59,100
"933",1077,4,13,422601,4013422601,26521,9875,"P",31086665,31075090,4,13,422642,4013422642,5715,2179,"W",2574603,2574603,2574603,2574603,8.28,8.29,100,100,5715,21.55,100,2179,22.07,100
"934",1078,4,13,422601,4013422601,26521,9875,"P",31086665,31075090,4,13,422643,4013422643,5789,1904,"W",5154767,5153278,5154767,5153278,16.58,16.58,100,100,5789,21.83,100,1904,19.28,100
"936",1080,4,13,422601,4013422601,26521,9875,"P",31086665,31075090,4,13,422646,4013422646,7730,2421,"W",5609684,5609684,5609684,5609684,18.05,18.05,100,100,7730,29.15,100,2421,24.52,100
"937",1081,4,13,422601,4013422601,26521,9875,"P",31086665,31075090,4,13,980600,4013980600,0,0,"W",9918230,9912378,9918230,9912378,31.91,31.9,100,100,0,0,0,0,0,0
"938",1082,4,13,422602,4013422602,7563,2369,"P",5112155,5110826,4,13,422620,4013422620,3261,1018,"W",2558172,2556843,2558172,2556843,50.04,50.03,100,100,3261,43.12,100,1018,42.97,100
"939",1083,4,13,422602,4013422602,7563,2369,"P",5112155,5110826,4,13,422621,4013422621,4302,1351,"W",2550382,2550382,2550382,2550382,49.89,49.9,100,100,4302,56.88,100,1351,57.03,100
"941",1085,4,13,422603,4013422603,6495,5478,"P",3842151,3842151,4,13,422624,4013422624,2771,3062,"W",1466700,1466700,1466700,1466700,38.17,38.17,100,100,2771,42.66,100,3062,55.9,100
"942",1086,4,13,422603,4013422603,6495,5478,"P",3842151,3842151,4,13,422625,4013422625,3724,2416,"W",2375451,2375451,2375451,2375451,61.83,61.83,100,100,3724,57.34,100,2416,44.1,100
"943",1087,4,13,422604,4013422604,5948,4249,"P",3919645,3919645,4,13,422626,4013422626,2510,2278,"W",1833817,1833817,1833817,1833817,46.79,46.79,100,100,2510,42.2,100,2278,53.61,100
"944",1088,4,13,422604,4013422604,5948,4249,"P",3919645,3919645,4,13,422627,4013422627,3438,1971,"W",2085828,2085828,2085828,2085828,53.21,53.21,100,100,3438,57.8,100,1971,46.39,100
"945",1089,4,13,422605,4013422605,7242,3560,"P",3903183,3868539,4,13,422628,4013422628,3616,1897,"W",1954352,1920030,1954352,1920030,50.07,49.63,100,100,3616,49.93,100,1897,53.29,100
"946",1090,4,13,422605,4013422605,7242,3560,"P",3903183,3868539,4,13,422629,4013422629,3626,1663,"W",1948831,1948509,1948831,1948509,49.93,50.37,100,100,3626,50.07,100,1663,46.71,100
"950",1094,4,13,422608,4013422608,13568,7313,"P",12773444,12716134,4,13,422637,4013422637,3325,1172,"W",1408370,1408370,1408370,1408370,11.03,11.08,100,100,3325,24.51,100,1172,16.03,100
"951",1095,4,13,422608,4013422608,13568,7313,"P",12773444,12716134,4,13,422638,4013422638,4096,1729,"W",2684942,2684942,2684942,2684942,21.02,21.11,100,100,4096,30.19,100,1729,23.64,100
"952",1096,4,13,422608,4013422608,13568,7313,"P",12773444,12716134,4,13,422639,4013422639,3658,3139,"W",6199091,6141781,6199091,6141781,48.53,48.3,100,100,3658,26.96,100,3139,42.92,100
"955",1099,4,13,422611,4013422611,12030,7675,"P",10151847,10147047,4,13,422632,4013422632,3975,1992,"W",2589084,2589084,2589084,2589084,25.5,25.52,100,100,3975,33.04,100,1992,25.95,100
"956",1100,4,13,422611,4013422611,12030,7675,"P",10151847,10147047,4,13,422633,4013422633,2753,1519,"W",2610115,2610115,2610115,2610115,25.71,25.72,100,100,2753,22.88,100,1519,19.79,100
"957",1101,4,13,422611,4013422611,12030,7675,"P",10151847,10147047,4,13,422634,4013422634,4191,2332,"W",2549474,2547813,2549474,2547813,25.11,25.11,100,100,4191,34.84,100,2332,30.38,100
"958",1102,4,13,422611,4013422611,12030,7675,"P",10151847,10147047,4,13,422635,4013422635,1111,1832,"W",2403174,2400035,2403174,2400035,23.67,23.65,100,100,1111,9.24,100,1832,23.87,100
"960",1104,4,13,422612,4013422612,9049,3045,"P",7631619,7631619,4,13,422623,4013422623,4812,1558,"W",5093821,5093821,5093821,5093821,66.75,66.75,100,100,4812,53.18,100,1558,51.17,100
"962",1106,4,13,422614,4013422614,7719,4379,"P",5159133,5154034,4,13,422631,4013422631,3883,1958,"W",3124803,3119704,3124803,3119704,60.57,60.53,100,100,3883,50.3,100,1958,44.71,100
"969",1113,4,13,422619,4013422619,11279,4751,"P",18051579,18014276,4,13,422640,4013422640,4647,2604,"W",2609680,2607365,2609680,2607365,14.46,14.47,100,100,4647,41.2,100,2604,54.81,100
"970",1114,4,13,422619,4013422619,11279,4751,"P",18051579,18014276,4,13,422641,4013422641,6346,2071,"W",7721487,7715123,7721487,7715123,42.77,42.83,100,100,6346,56.26,100,2071,43.59,100
"972",1116,4,13,522703,4013522703,3883,1316,"W",7954064,7954064,4,13,816500,4013816500,3883,1316,"W",7954064,7954064,7954064,7954064,100,100,100,100,3883,100,100,1316,100,100
"973",1117,4,13,522708,4013522708,13235,9576,"P",13049337,12993169,4,13,813700,4013813700,2528,1744,"W",2588923,2588923,2588923,2588923,19.84,19.93,100,100,2528,19.1,100,1744,18.21,100
"975",1119,4,13,522708,4013522708,13235,9576,"P",13049337,12993169,4,13,817400,4013817400,2755,2159,"W",2664819,2616271,2664819,2616271,20.42,20.14,100,100,2755,20.82,100,2159,22.55,100
"976",1120,4,13,522708,4013522708,13235,9576,"P",13049337,12993169,4,13,817500,4013817500,2704,2061,"W",2630981,2630981,2630981,2630981,20.16,20.25,100,100,2704,20.43,100,2061,21.52,100
"978",1122,4,13,522711,4013522711,6540,2647,"W",3588662,3588662,4,13,810600,4013810600,6540,2647,"W",3588662,3588662,3588662,3588662,100,100,100,100,6540,100,100,2647,100,100
"982",1126,4,13,522713,4013522713,5557,2519,"P",2621236,2621236,4,13,810300,4013810300,5557,2519,"W",2564186,2564186,2564186,2564186,97.82,97.82,100,100,5557,100,100,2519,100,100
"984",1128,4,13,522714,4013522714,4235,1722,"P",2794480,2794480,4,13,810800,4013810800,4235,1722,"W",2713478,2713478,2713478,2713478,97.1,97.1,100,100,4235,100,100,1722,100,100
"986",1130,4,13,522715,4013522715,2429,1356,"P",2771678,2771678,4,13,811200,4013811200,2429,1356,"W",2710997,2710997,2710997,2710997,97.81,97.81,100,100,2429,100,100,1356,100,100
"990",1134,4,13,522717,4013522717,10171,4349,"P",7962667,7760522,4,13,812600,4013812600,4400,2061,"W",3861063,3684822,3861063,3684822,48.49,47.48,100,100,4400,43.26,100,2061,47.39,100
"991",1135,4,13,522717,4013522717,10171,4349,"P",7962667,7760522,4,13,812700,4013812700,5771,2288,"W",2895724,2869820,2895724,2869820,36.37,36.98,100,100,5771,56.74,100,2288,52.61,100
"994",1138,4,13,522718,4013522718,5228,1854,"W",2571639,2571639,4,13,811400,4013811400,5228,1854,"W",2571639,2571639,2571639,2571639,100,100,100,100,5228,100,100,1854,100,100
"995",1139,4,13,522719,4013522719,4159,1644,"W",2598749,2598749,4,13,811600,4013811600,4159,1644,"W",2598749,2598749,2598749,2598749,100,100,100,100,4159,100,100,1644,100,100
"998",1142,4,13,522721,4013522721,4676,1975,"P",9236586,9236586,4,13,980400,4013980400,15,6,"W",3915500,3915500,3915500,3915500,42.39,42.39,100,100,15,0.32,100,6,0.3,100
"999",1143,4,13,522722,4013522722,5168,2172,"W",2915391,2899145,4,13,810500,4013810500,5168,2172,"W",2915391,2899145,2915391,2899145,100,100,100,100,5168,100,100,2172,100,100
"1000",1144,4,13,522723,4013522723,5636,2343,"W",2755227,2755227,4,13,810900,4013810900,5636,2343,"W",2755227,2755227,2755227,2755227,100,100,100,100,5636,100,100,2343,100,100
"1001",1145,4,13,522724,4013522724,2776,981,"W",2475233,2475233,4,13,811000,4013811000,2776,981,"W",2475233,2475233,2475233,2475233,100,100,100,100,2776,100,100,981,100,100
"1004",1148,4,13,522727,4013522727,2839,1021,"W",1247492,1247492,4,13,811300,4013811300,2839,1021,"W",1247492,1247492,1247492,1247492,100,100,100,100,2839,100,100,1021,100,100
"1005",1149,4,13,522729,4013522729,4487,1859,"W",2608819,2608819,4,13,811700,4013811700,4487,1859,"W",2608819,2608819,2608819,2608819,100,100,100,100,4487,100,100,1859,100,100
"1006",1150,4,13,522730,4013522730,7572,3096,"P",5457154,5457154,4,13,811800,4013811800,2028,801,"W",2723044,2723044,2723044,2723044,49.9,49.9,100,100,2028,26.78,100,801,25.87,100
"1007",1151,4,13,522730,4013522730,7572,3096,"P",5457154,5457154,4,13,811900,4013811900,5544,2295,"W",2734110,2734110,2734110,2734110,50.1,50.1,100,100,5544,73.22,100,2295,74.13,100
"1008",1152,4,13,522731,4013522731,6229,2478,"W",5272764,5272764,4,13,812200,4013812200,6229,2478,"W",5272764,5272764,5272764,5272764,100,100,100,100,6229,100,100,2478,100,100
"1009",1153,4,13,522732,4013522732,8128,3093,"P",5222767,5222767,4,13,812000,4013812000,3617,1455,"W",2654353,2654353,2654353,2654353,50.82,50.82,100,100,3617,44.5,100,1455,47.04,100
"1010",1154,4,13,522732,4013522732,8128,3093,"P",5222767,5222767,4,13,812300,4013812300,4511,1638,"W",2568414,2568414,2568414,2568414,49.18,49.18,100,100,4511,55.5,100,1638,52.96,100
"1014",1158,4,13,522736,4013522736,47871,16347,"P",59430542,59290087,4,13,812100,4013812100,6130,2239,"W",4463911,4463911,4463911,4463911,7.51,7.53,100,100,6130,12.81,100,2239,13.7,100
"1015",1159,4,13,522736,4013522736,47871,16347,"P",59430542,59290087,4,13,812400,4013812400,6098,2302,"W",16399034,16369011,16399034,16369011,27.59,27.61,100,100,6098,12.74,100,2302,14.08,100
"1016",1160,4,13,522736,4013522736,47871,16347,"P",59430542,59290087,4,13,812500,4013812500,2070,708,"W",1208798,1208798,1208798,1208798,2.03,2.04,100,100,2070,4.32,100,708,4.33,100
"1017",1161,4,13,522736,4013522736,47871,16347,"P",59430542,59290087,4,13,812800,4013812800,4390,1462,"W",5112420,5090161,5112420,5090161,8.6,8.59,100,100,4390,9.17,100,1462,8.94,100
"1018",1162,4,13,522736,4013522736,47871,16347,"P",59430542,59290087,4,13,813100,4013813100,2446,766,"W",2598405,2598405,2598405,2598405,4.37,4.38,100,100,2446,5.11,100,766,4.69,100
"1019",1163,4,13,522736,4013522736,47871,16347,"P",59430542,59290087,4,13,813200,4013813200,4212,1180,"W",2584720,2584720,2584720,2584720,4.35,4.36,100,100,4212,8.8,100,1180,7.22,100
"1020",1164,4,13,522736,4013522736,47871,16347,"P",59430542,59290087,4,13,813300,4013813300,4816,1562,"W",5144537,5108332,5144537,5108332,8.66,8.62,100,100,4816,10.06,100,1562,9.56,100
"1021",1165,4,13,522736,4013522736,47871,16347,"P",59430542,59290087,4,13,813400,4013813400,3792,1263,"W",5201083,5200061,5201083,5200061,8.75,8.77,100,100,3792,7.92,100,1263,7.73,100
"1022",1166,4,13,522736,4013522736,47871,16347,"P",59430542,59290087,4,13,813500,4013813500,2902,903,"W",5230783,5179837,5230783,5179837,8.8,8.74,100,100,2902,6.06,100,903,5.52,100
"1023",1167,4,13,522736,4013522736,47871,16347,"P",59430542,59290087,4,13,813600,4013813600,3138,1017,"W",5109108,5109108,5109108,5109108,8.6,8.62,100,100,3138,6.56,100,1017,6.22,100
"1024",1168,4,13,522736,4013522736,47871,16347,"P",59430542,59290087,4,13,814000,4013814000,1531,967,"W",2482995,2482995,2482995,2482995,4.18,4.19,100,100,1531,3.2,100,967,5.92,100
"1025",1169,4,13,522736,4013522736,47871,16347,"P",59430542,59290087,4,13,814100,4013814100,5874,1821,"W",2568184,2568184,2568184,2568184,4.32,4.33,100,100,5874,12.27,100,1821,11.14,100
"1027",1171,4,13,522737,4013522737,2962,2377,"W",2580350,2580350,4,13,813800,4013813800,2962,2377,"W",2580350,2580350,2580350,2580350,100,100,100,100,2962,100,100,2377,100,100
"1028",1172,4,13,522738,4013522738,2624,1041,"W",1442692,1282836,4,13,814200,4013814200,2624,1041,"W",1442692,1282836,1442692,1282836,100,100,100,100,2624,100,100,1041,100,100
"1029",1173,4,13,522739,4013522739,4040,1413,"W",2535104,2535104,4,13,814300,4013814300,4040,1413,"W",2535104,2535104,2535104,2535104,100,100,100,100,4040,100,100,1413,100,100
"1030",1174,4,13,522740,4013522740,4909,1738,"W",2540387,2540387,4,13,814400,4013814400,4909,1738,"W",2540387,2540387,2540387,2540387,100,100,100,100,4909,100,100,1738,100,100
"1031",1175,4,13,522741,4013522741,5029,1807,"W",2587672,2587672,4,13,814500,4013814500,5029,1807,"W",2587672,2587672,2587672,2587672,100,100,100,100,5029,100,100,1807,100,100
"1033",1177,4,13,522742,4013522742,3015,1063,"P",3822273,3822273,4,13,814900,4013814900,3015,1063,"W",3822220,3822220,3822220,3822220,100,100,100,100,3015,100,100,1063,100,100
"1034",1178,4,13,522743,4013522743,8723,2880,"P",7773079,7773079,4,13,814600,4013814600,4461,1583,"W",5311326,5311326,5311326,5311326,68.33,68.33,100,100,4461,51.14,100,1583,54.97,100
"1035",1179,4,13,522743,4013522743,8723,2880,"P",7773079,7773079,4,13,815000,4013815000,4262,1297,"W",2461753,2461753,2461753,2461753,31.67,31.67,100,100,4262,48.86,100,1297,45.03,100
"1037",1181,4,13,522744,4013522744,20756,7730,"P",15619925,15615835,4,13,814700,4013814700,4148,1449,"W",2542723,2542723,2542723,2542723,16.28,16.28,100,100,4148,19.98,100,1449,18.75,100
"1038",1182,4,13,522744,4013522744,20756,7730,"P",15619925,15615835,4,13,814800,4013814800,5465,2120,"W",5098150,5098150,5098150,5098150,32.64,32.65,100,100,5465,26.33,100,2120,27.43,100
"1039",1183,4,13,522744,4013522744,20756,7730,"P",15619925,15615835,4,13,815100,4013815100,4423,1569,"W",2563032,2558942,2563032,2558942,16.41,16.39,100,100,4423,21.31,100,1569,20.3,100
"1042",1186,4,13,522745,4013522745,65668,23351,"P",83444845,83390719,4,13,815300,4013815300,3926,1115,"W",4858054,4841741,4858054,4841741,5.82,5.81,100,100,3926,5.98,100,1115,4.77,100
"1043",1187,4,13,522745,4013522745,65668,23351,"P",83444845,83390719,4,13,815400,4013815400,6288,2282,"W",10654851,10646556,10654851,10646556,12.77,12.77,100,100,6288,9.58,100,2282,9.77,100
"1044",1188,4,13,522745,4013522745,65668,23351,"P",83444845,83390719,4,13,815500,4013815500,5607,2580,"W",5177411,5174672,5177411,5174672,6.2,6.21,100,100,5607,8.54,100,2580,11.05,100
"1045",1189,4,13,522745,4013522745,65668,23351,"P",83444845,83390719,4,13,815600,4013815600,5183,1665,"W",5242303,5234409,5242303,5234409,6.28,6.28,100,100,5183,7.89,100,1665,7.13,100
"1046",1190,4,13,522745,4013522745,65668,23351,"P",83444845,83390719,4,13,815700,4013815700,5525,1800,"W",2116278,2116278,2116278,2116278,2.54,2.54,100,100,5525,8.41,100,1800,7.71,100
"1047",1191,4,13,522745,4013522745,65668,23351,"P",83444845,83390719,4,13,815800,4013815800,4083,1629,"W",2835040,2826060,2835040,2826060,3.4,3.39,100,100,4083,6.22,100,1629,6.98,100
"1050",1194,4,13,522745,4013522745,65668,23351,"P",83444845,83390719,4,13,816100,4013816100,7264,2119,"W",2860364,2860364,2860364,2860364,3.43,3.43,100,100,7264,11.06,100,2119,9.07,100
"1051",1195,4,13,522745,4013522745,65668,23351,"P",83444845,83390719,4,13,816200,4013816200,3982,1283,"W",1815134,1815134,1815134,1815134,2.18,2.18,100,100,3982,6.06,100,1283,5.49,100
"1052",1196,4,13,522745,4013522745,65668,23351,"P",83444845,83390719,4,13,816300,4013816300,3292,2288,"W",5572720,5562815,5572720,5562815,6.68,6.67,100,100,3292,5.01,100,2288,9.8,100
"1053",1197,4,13,522745,4013522745,65668,23351,"P",83444845,83390719,4,13,816400,4013816400,6823,2323,"W",7765818,7765818,7765818,7765818,9.31,9.31,100,100,6823,10.39,100,2323,9.95,100
"1054",1198,4,13,522746,4013522746,23966,7760,"P",51457566,51403868,4,13,816600,4013816600,4278,1184,"W",3047520,3034948,3047520,3034948,5.92,5.9,100,100,4278,17.85,100,1184,15.26,100
"1055",1199,4,13,522746,4013522746,23966,7760,"P",51457566,51403868,4,13,816700,4013816700,2348,683,"W",2839832,2839832,2839832,2839832,5.52,5.52,100,100,2348,9.8,100,683,8.8,100
"1056",1200,4,13,522746,4013522746,23966,7760,"P",51457566,51403868,4,13,816800,4013816800,2875,885,"W",6445727,6434509,6445727,6434509,12.53,12.52,100,100,2875,12,100,885,11.4,100
"1058",1202,4,13,522746,4013522746,23966,7760,"P",51457566,51403868,4,13,817000,4013817000,3523,1094,"W",7775510,7772301,7775510,7772301,15.11,15.12,100,100,3523,14.7,100,1094,14.1,100
"1059",1203,4,13,522746,4013522746,23966,7760,"P",51457566,51403868,4,13,817100,4013817100,7549,2877,"W",6908924,6901404,6908924,6901404,13.43,13.43,100,100,7549,31.5,100,2877,37.07,100
"1062",1206,4,13,522747,4013522747,6151,1934,"P",26837118,26768078,4,13,817200,4013817200,6151,1934,"W",26778559,26709519,26778559,26709519,99.78,99.78,100,100,6151,100,100,1934,100,100
"1064",1208,4,13,522749,4013522749,5202,1802,"W",2572171,2572171,4,13,813900,4013813900,5202,1802,"W",2572171,2572171,2572171,2572171,100,100,100,100,5202,100,100,1802,100,100
"1071",1215,4,13,522902,4013522902,9717,3171,"P",2607376,2607376,4,13,522903,4013522903,5168,1668,"W",1300115,1300115,1300115,1300115,49.86,49.86,100,100,5168,53.19,100,1668,52.6,100
"1072",1216,4,13,522902,4013522902,9717,3171,"P",2607376,2607376,4,13,522904,4013522904,4549,1503,"W",1307261,1307261,1307261,1307261,50.14,50.14,100,100,4549,46.81,100,1503,47.4,100
"1082",1226,4,13,723301,4013723301,9959,3977,"P",98060764,98060764,4,13,723307,4013723307,2186,818,"W",19053842,19053842,19053842,19053842,19.43,19.43,100,100,2186,21.95,100,818,20.57,100
"1083",1227,4,13,723301,4013723301,9959,3977,"P",98060764,98060764,4,13,723308,4013723308,7519,3050,"W",35836126,35836126,35836126,35836126,36.54,36.54,100,100,7519,75.5,100,3050,76.69,100
"1086",1230,4,13,723302,4013723302,12006,2669,"P",7287287586,7286897851,4,13,723305,4013723305,2745,1174,"W",1323232203,1323021607,1323232203,1323021607,18.16,18.16,100,100,2745,22.86,100,1174,43.99,100
"1087",1231,4,13,723302,4013723302,12006,2669,"P",7287287586,7286897851,4,13,723306,4013723306,5259,76,"W",2317097232,2316925006,2317097232,2316925006,31.8,31.8,100,100,5259,43.8,100,76,2.85,100
