"","state","county","tract","Total_2000","White_2000","Black_2000","Indian_2000","Other_Race_2000","Asian_or_Pacific_Islander_2000"
"1","04","013","010100",4120,4071,0,12,37,0
"2","04","013","020201",829,29,7,748,31,14
"3","04","013","020202",6403,1212,20,3381,1622,168
"4","04","013","030302",4499,3711,67,50,562,109
"5","04","013","030303",5533,4308,104,213,878,30
"6","04","013","030304",6523,5822,161,89,302,149
"7","04","013","030307",2907,2556,0,40,243,68
"8","04","013","030308",3075,2816,123,0,91,45
"9","04","013","030309",4899,4489,135,0,198,77
"10","04","013","030310",2961,2397,40,71,387,66
"11","04","013","030311",3517,3376,33,0,82,26
"12","04","013","030312",5257,5180,70,0,7,0
"13","04","013","030313",2755,2748,0,0,0,7
"14","04","013","030314",4256,3583,114,133,310,116
"15","04","013","030315",6976,5792,128,143,762,151
"16","04","013","030316",4625,4205,137,32,251,0
"17","04","013","030318",2789,2568,53,10,89,69
"18","04","013","030319",6005,5272,50,71,479,133
"19","04","013","030322",4135,3632,260,0,126,117
"20","04","013","030323",3982,3495,41,52,394,0
"21","04","013","030324",3505,3339,17,0,131,18
"22","04","013","030325",3640,3413,74,35,98,20
"23","04","013","030326",4681,3942,105,33,342,259
"24","04","013","030327",4001,3216,188,47,357,193
"25","04","013","030328",7229,6349,215,69,431,165
"26","04","013","030329",3744,3261,314,123,13,33
"27","04","013","030330",4750,4111,124,15,435,65
"28","04","013","030331",2047,1790,17,81,147,12
"29","04","013","030332",3683,3236,87,0,237,123
"30","04","013","030333",2782,2606,0,0,80,96
"31","04","013","030334",5364,4750,81,13,391,129
"32","04","013","030335",6147,5594,53,103,273,124
"33","04","013","030336",3739,3460,77,0,134,68
"34","04","013","030337",5121,4488,161,46,327,99
"35","04","013","030338",6964,6205,142,103,265,249
"36","04","013","030339",2262,2157,0,0,93,12
"37","04","013","030340",6060,5527,141,80,280,32
"38","04","013","030341",3245,3207,20,0,18,0
"39","04","013","030342",8724,7628,190,141,632,133
"40","04","013","030343",9466,9109,65,25,192,75
"41","04","013","030344",5083,4662,89,19,224,89
"42","04","013","030345",5261,4723,94,0,332,112
"43","04","013","030346",5765,4704,172,0,485,404
"44","04","013","030347",3265,3121,52,0,83,9
"45","04","013","030348",5291,4698,77,0,292,224
"46","04","013","030349",3231,2772,44,0,281,134
"47","04","013","030350",1844,1579,46,34,86,99
"48","04","013","030351",3150,2702,125,10,158,155
"49","04","013","030352",3328,3022,104,38,94,70
"50","04","013","030354",4391,3929,12,33,294,123
"51","04","013","030355",5822,4898,83,113,728,0
"52","04","013","030356",8125,7496,143,76,234,176
"53","04","013","030357",6369,5881,179,24,101,184
"54","04","013","030358",4071,3811,6,0,155,99
"55","04","013","030359",2565,2324,63,0,57,121
"56","04","013","030360",1602,1571,0,0,23,8
"57","04","013","030361",7393,6757,155,36,339,106
"58","04","013","030363",5775,5438,92,42,110,93
"59","04","013","030364",2201,2064,0,0,112,25
"60","04","013","030365",2397,2261,33,0,76,27
"61","04","013","030366",2550,2454,7,16,61,12
"62","04","013","030367",4452,4037,17,5,264,129
"63","04","013","030368",2738,2693,14,16,15,0
"64","04","013","030369",1383,1337,0,0,46,0
"65","04","013","030371",12306,11416,155,147,435,153
"66","04","013","030372",5246,4811,69,47,270,49
"67","04","013","030373",2942,2674,37,0,155,76
"68","04","013","030374",1475,1239,41,0,94,101
"69","04","013","030375",2258,2152,0,0,58,48
"70","04","013","030377",4110,3861,68,0,120,61
"71","04","013","030378",5247,5070,53,11,113,0
"72","04","013","030379",3202,2833,48,9,143,169
"73","04","013","030380",3241,2761,53,33,364,30
"74","04","013","030400",6282,5965,3,22,250,42
"75","04","013","040502",4656,4269,0,46,284,57
"76","04","013","040505",8858,8712,45,8,60,33
"77","04","013","040506",5780,5675,34,0,63,8
"78","04","013","040507",6485,6434,26,17,8,0
"79","04","013","040508",7184,6301,296,25,435,127
"80","04","013","040509",15675,13795,100,149,1557,74
"81","04","013","040510",5600,5456,46,0,49,49
"82","04","013","040511",2517,2503,0,0,14,0
"83","04","013","050601",6993,5433,377,134,1043,6
"84","04","013","050602",4833,3940,44,85,727,37
"85","04","013","050603",2196,1665,39,51,441,0
"86","04","013","050700",5726,3819,157,97,1585,68
"87","04","013","060800",6668,4784,216,36,1615,17
"88","04","013","060900",6988,4515,263,29,2151,30
"89","04","013","061002",4104,3762,50,62,119,111
"90","04","013","061003",10395,8009,578,64,1401,343
"91","04","013","061004",4309,3440,305,0,530,34
"92","04","013","061005",6458,5128,480,80,731,39
"93","04","013","061006",8072,6389,121,46,1284,232
"94","04","013","061007",4392,3519,137,12,649,75
"95","04","013","061008",2025,1805,75,0,122,23
"96","04","013","061009",87,87,0,0,0,0
"97","04","013","061100",3830,2840,488,86,327,89
"98","04","013","061200",6021,3379,324,106,2176,36
"99","04","013","061300",2032,1256,0,25,738,13
"100","04","013","061400",5995,3042,231,110,2568,44
"101","04","013","071503",4879,4785,49,9,16,20
"102","04","013","071504",3582,3516,15,0,15,36
"103","04","013","071505",5192,5138,0,10,32,12
"104","04","013","071506",4261,4190,14,8,36,13
"105","04","013","071507",5482,4870,136,9,374,93
"106","04","013","071508",7405,6668,161,0,364,212
"107","04","013","071509",3455,3129,23,26,159,118
"108","04","013","071510",4562,4011,101,36,283,131
"109","04","013","071511",2206,1862,63,0,255,26
"110","04","013","071512",6327,5492,206,0,318,311
"111","04","013","071513",1116,1092,0,0,24,0
"112","04","013","071600",2775,2496,0,10,269,0
"113","04","013","071700",3769,3650,48,0,56,15
"114","04","013","071801",5028,4862,87,0,48,31
"115","04","013","071802",3570,3470,43,10,40,7
"116","04","013","071903",6483,5259,202,137,825,60
"117","04","013","071904",7275,5444,294,71,1412,54
"118","04","013","071906",5204,3814,216,41,993,140
"119","04","013","071908",6964,5335,365,36,1115,113
"120","04","013","071909",3824,3124,200,23,438,39
"121","04","013","071910",6878,5118,350,15,1357,38
"122","04","013","071911",2526,2031,68,0,326,101
"123","04","013","082002",5256,4031,309,32,752,132
"124","04","013","082007",4100,2497,229,151,1175,48
"125","04","013","082008",5049,2644,388,53,1899,65
"126","04","013","082009",4250,2320,333,36,1550,11
"127","04","013","082010",3880,2215,418,23,1172,52
"128","04","013","082011",7956,4155,985,127,2434,255
"129","04","013","082012",3302,2215,132,0,843,112
"130","04","013","082013",9013,6568,585,34,1393,433
"131","04","013","082014",3695,2680,168,22,654,171
"132","04","013","082015",0,0,0,0,0,0
"133","04","013","082100",4963,2628,63,10,2221,41
"134","04","013","082201",4190,2599,50,65,1447,29
"135","04","013","082202",3217,1240,20,43,1914,0
"136","04","013","092304",7399,5381,383,156,1315,164
"137","04","013","092305",4185,3557,159,10,431,28
"138","04","013","092306",6294,5500,144,41,338,271
"139","04","013","092307",5517,4459,294,102,525,137
"140","04","013","092308",6957,5709,226,129,648,245
"141","04","013","092309",5391,4646,132,23,391,199
"142","04","013","092310",3157,2017,324,73,680,63
"143","04","013","092400",7401,5709,392,84,1076,140
"144","04","013","092500",4258,3103,134,151,794,76
"145","04","013","092600",3608,2517,97,46,923,25
"146","04","013","092703",7158,4705,391,27,1867,168
"147","04","013","092704",136,69,0,0,67,0
"148","04","013","092705",2462,1661,104,110,587,0
"149","04","013","092706",6344,4848,308,92,977,119
"150","04","013","092707",6339,5547,112,28,557,95
"151","04","013","092708",410,373,0,18,0,19
"152","04","013","092709",3984,3113,147,64,612,48
"153","04","013","092710",4287,3172,317,83,618,97
"154","04","013","092711",2234,1634,81,43,468,8
"155","04","013","092712",3616,2294,458,0,815,49
"156","04","013","092713",4458,2670,266,38,1224,260
"157","04","013","092714",5195,2781,511,91,1778,34
"158","04","013","092800",11253,5099,774,100,5265,15
"159","04","013","092900",3464,2109,75,97,1183,0
"160","04","013","093000",9614,6224,784,308,2129,169
"161","04","013","093101",4332,2625,485,0,1077,145
"162","04","013","093102",9821,5690,831,120,3120,60
"163","04","013","093104",3885,1997,455,219,1168,46
"164","04","013","103205",2903,2770,9,27,90,7
"165","04","013","103206",2761,2716,14,11,20,0
"166","04","013","103207",2649,2540,7,24,47,31
"167","04","013","103208",3563,3391,0,15,61,96
"168","04","013","103209",6193,5731,109,53,191,109
"169","04","013","103210",6493,5491,172,81,569,180
"170","04","013","103211",4877,4553,26,18,167,113
"171","04","013","103212",4942,4728,0,41,111,62
"172","04","013","103214",4439,4176,46,0,135,82
"173","04","013","103215",3177,2912,46,62,55,102
"174","04","013","103216",5532,5186,7,9,153,177
"175","04","013","103217",6818,6328,49,0,224,217
"176","04","013","103218",6313,5850,55,21,231,156
"177","04","013","103302",6993,5736,88,135,938,96
"178","04","013","103303",3679,3346,49,19,186,79
"179","04","013","103304",4529,3428,127,27,865,82
"180","04","013","103305",3632,2094,0,19,1488,31
"181","04","013","103306",3920,2683,200,46,972,19
"182","04","013","103400",5171,4617,120,52,359,23
"183","04","013","103501",3269,2745,79,0,357,88
"184","04","013","103502",6298,5722,103,34,325,114
"185","04","013","103604",3853,3229,10,147,316,151
"186","04","013","103605",6496,6054,72,37,119,214
"187","04","013","103606",4045,3554,54,80,258,99
"188","04","013","103607",4870,4293,50,46,209,272
"189","04","013","103608",2670,2142,34,43,330,121
"190","04","013","103609",5422,4462,277,191,343,149
"191","04","013","103611",4736,4408,36,12,62,218
"192","04","013","103612",4876,4450,87,28,118,193
"193","04","013","103614",3302,3025,15,0,204,58
"194","04","013","103615",5373,3555,231,203,1261,123
"195","04","013","103700",7665,6605,167,90,578,225
"196","04","013","103900",6050,5207,62,168,503,110
"197","04","013","104000",6134,5115,165,67,593,194
"198","04","013","104100",6678,5663,154,49,698,114
"199","04","013","104202",5360,4748,164,22,338,88
"200","04","013","104203",6433,5660,231,18,409,115
"201","04","013","104204",3506,3016,89,0,298,103
"202","04","013","104205",5009,3947,123,200,568,171
"203","04","013","104206",4289,3639,123,16,406,105
"204","04","013","104207",4130,3775,97,7,127,124
"205","04","013","104212",6446,5559,162,62,383,280
"206","04","013","104214",2286,1998,24,13,198,53
"207","04","013","104215",4769,4172,32,30,412,123
"208","04","013","104216",5204,4211,57,49,435,452
"209","04","013","104217",5457,4658,142,14,369,274
"210","04","013","104218",4096,3465,73,44,285,229
"211","04","013","104219",3147,2889,32,40,132,54
"212","04","013","104221",6200,5125,231,64,568,212
"213","04","013","104222",5917,5009,144,40,524,200
"214","04","013","104223",1923,1663,94,40,126,0
"215","04","013","104224",6437,5487,230,0,396,324
"216","04","013","104225",4148,3664,169,44,233,38
"217","04","013","104226",3688,3471,0,42,175,0
"218","04","013","104227",2449,2002,137,0,132,178
"219","04","013","104300",7441,6194,296,159,619,173
"220","04","013","104400",7043,5339,290,128,893,393
"221","04","013","104501",4603,2929,60,120,1061,433
"222","04","013","104502",5574,3010,152,186,1935,291
"223","04","013","104600",4169,3082,199,147,723,18
"224","04","013","104700",7723,6252,177,123,1104,67
"225","04","013","104801",3899,3544,9,17,234,95
"226","04","013","104802",6312,5875,80,80,160,117
"227","04","013","104900",4424,4104,79,0,191,50
"228","04","013","105001",8151,7677,80,30,209,155
"229","04","013","105002",2672,2575,8,0,24,65
"230","04","013","105101",4799,4562,34,0,108,95
"231","04","013","105102",4333,4073,14,17,109,120
"232","04","013","105103",3121,2956,0,0,61,104
"233","04","013","105200",6615,5197,159,208,903,148
"234","04","013","105300",5644,4669,76,10,818,71
"235","04","013","105400",3729,3391,24,84,202,28
"236","04","013","105500",7504,4988,495,438,1268,315
"237","04","013","105601",3613,2932,70,45,516,50
"238","04","013","105602",5755,4040,542,106,940,127
"239","04","013","105701",3432,2481,160,10,613,168
"240","04","013","105702",3888,2972,110,91,558,157
"241","04","013","105800",6281,5064,197,109,701,210
"242","04","013","105900",5371,4228,191,105,693,154
"243","04","013","106000",7592,5501,410,317,1288,76
"244","04","013","106100",5172,4544,186,70,293,79
"245","04","013","106200",3453,3362,4,11,65,11
"246","04","013","106300",5311,4535,245,69,395,67
"247","04","013","106400",2911,2575,53,83,126,74
"248","04","013","106500",6877,5968,328,93,394,94
"249","04","013","106600",3749,3451,70,36,106,86
"250","04","013","106700",6991,5344,406,373,693,175
"251","04","013","106800",8434,5046,728,446,2107,107
"252","04","013","106900",6407,4500,231,62,1140,474
"253","04","013","107000",6923,5252,223,95,1036,317
"254","04","013","107101",4214,2745,250,73,1126,20
"255","04","013","107102",5289,3129,536,199,1235,190
"256","04","013","107201",4703,2856,303,189,1188,167
"257","04","013","107202",4720,2774,143,25,1551,227
"258","04","013","107300",6298,3670,303,165,1925,235
"259","04","013","107400",7028,4244,520,522,1523,219
"260","04","013","107500",3651,3299,118,70,141,23
"261","04","013","107600",6122,4935,241,281,600,65
"262","04","013","107700",3683,3157,58,200,233,35
"263","04","013","107800",2222,2075,27,6,90,24
"264","04","013","107900",3950,3656,30,8,120,136
"265","04","013","108000",3547,3458,0,38,27,24
"266","04","013","108100",1871,1758,4,12,48,49
"267","04","013","108200",3357,3089,19,61,126,62
"268","04","013","108300",6445,5881,83,52,326,103
"269","04","013","108400",5351,4163,187,213,765,23
"270","04","013","108500",5514,4229,167,159,770,189
"271","04","013","108601",3646,1746,156,287,1447,10
"272","04","013","108602",4702,2688,277,479,1234,24
"273","04","013","108700",285,259,14,4,8,0
"274","04","013","108801",1634,1326,83,0,208,17
"275","04","013","108802",3180,2307,97,129,545,102
"276","04","013","108901",3140,2003,140,169,808,20
"277","04","013","108902",5218,3486,316,330,866,220
"278","04","013","109000",15785,7220,1071,1411,5752,331
"279","04","013","109100",9085,4465,351,107,3804,358
"280","04","013","109200",4724,2107,300,125,2065,127
"281","04","013","109300",4707,2830,134,6,1646,91
"282","04","013","109400",7814,4770,375,238,2297,134
"283","04","013","109500",4496,2987,310,154,962,83
"284","04","013","109601",5144,2717,521,10,1872,24
"285","04","013","109602",6050,3324,734,277,1704,11
"286","04","013","109603",4558,2407,534,0,1551,66
"287","04","013","109604",4047,2653,235,39,1120,0
"288","04","013","109701",6918,3813,745,225,2081,54
"289","04","013","109702",4989,2728,253,102,1843,63
"290","04","013","109703",2609,1158,196,52,1203,0
"291","04","013","109704",2349,1597,48,0,704,0
"292","04","013","109705",1722,973,112,0,555,82
"293","04","013","109801",3880,1892,264,68,1616,40
"294","04","013","109802",4543,2339,233,82,1874,15
"295","04","013","109900",6434,4157,324,43,1750,160
"296","04","013","110001",4329,1898,276,0,2063,92
"297","04","013","110002",4494,1964,151,112,2255,12
"298","04","013","110100",7571,3204,228,124,3794,221
"299","04","013","110200",490,215,7,0,268,0
"300","04","013","110300",8170,4818,500,315,2139,398
"301","04","013","110400",6019,4003,311,213,1307,185
"302","04","013","110500",4726,3422,335,189,598,182
"303","04","013","110600",5728,3750,316,404,1165,93
"304","04","013","110701",2415,1256,157,155,776,71
"305","04","013","110702",3824,2704,160,107,835,18
"306","04","013","110800",8896,5440,370,442,2513,131
"307","04","013","110900",7940,5554,372,316,1658,40
"308","04","013","111000",4717,3873,201,77,433,133
"309","04","013","111100",4528,3979,115,51,280,103
"310","04","013","111201",6145,4369,318,155,1256,47
"311","04","013","111202",1701,782,59,79,781,0
"312","04","013","111203",1017,632,153,18,214,0
"313","04","013","111204",2020,1354,138,161,251,116
"314","04","013","111300",6386,4060,391,303,1479,153
"315","04","013","111401",4498,2723,177,195,1403,0
"316","04","013","111402",4365,2752,348,37,1207,21
"317","04","013","111501",2465,1733,0,12,710,10
"318","04","013","111502",7127,4389,234,169,2271,64
"319","04","013","111601",3410,1966,44,55,1216,129
"320","04","013","111602",6819,4512,130,193,1943,41
"321","04","013","111700",6801,4421,421,77,1823,59
"322","04","013","111800",3551,3027,169,52,196,107
"323","04","013","111900",2599,2277,22,8,258,34
"324","04","013","112000",1869,1321,67,41,401,39
"325","04","013","112100",4204,2396,6,53,1693,56
"326","04","013","112201",4734,2600,29,81,1979,45
"327","04","013","112202",4617,2837,147,11,1527,95
"328","04","013","112301",5961,2016,213,174,3531,27
"329","04","013","112302",7744,2591,869,120,4063,101
"330","04","013","112401",5729,2242,312,139,2837,199
"331","04","013","112402",5210,2252,339,73,2546,0
"332","04","013","112502",5325,2284,357,47,2516,121
"333","04","013","112503",7892,3763,430,39,3487,173
"334","04","013","112504",3647,1641,296,88,1592,30
"335","04","013","112505",6867,3670,367,151,2640,39
"336","04","013","112506",5281,2776,291,93,1987,134
"337","04","013","112507",2680,1069,124,82,1405,0
"338","04","013","112508",2093,1269,96,118,548,62
"339","04","013","112601",2994,1316,114,57,1457,50
"340","04","013","112602",7382,3773,67,144,3393,5
"341","04","013","112700",7826,2499,137,28,5106,56
"342","04","013","112800",1032,768,6,0,258,0
"343","04","013","112900",6163,4152,317,194,1461,39
"344","04","013","113000",1705,1382,107,131,78,7
"345","04","013","113100",2378,1610,220,162,341,45
"346","04","013","113201",3458,2212,133,63,1045,5
"347","04","013","113202",3176,1789,80,122,1157,28
"348","04","013","113203",3304,1656,52,166,1418,12
"349","04","013","113300",6491,4205,465,173,1619,29
"350","04","013","113400",1064,731,134,10,183,6
"351","04","013","113500",8033,4154,467,129,3251,32
"352","04","013","113601",2698,1349,97,68,1157,27
"353","04","013","113602",3241,1556,95,47,1516,27
"354","04","013","113700",6952,3215,744,326,2634,33
"355","04","013","113800",2404,1177,77,93,1051,6
"356","04","013","113900",1386,741,215,19,411,0
"357","04","013","114000",2534,1447,398,87,564,38
"358","04","013","114100",1909,946,369,28,559,7
"359","04","013","114200",2019,782,202,194,827,14
"360","04","013","114301",1341,609,144,119,469,0
"361","04","013","114302",2889,1305,398,105,1004,77
"362","04","013","114401",2129,732,288,68,1041,0
"363","04","013","114402",2404,1069,153,64,1033,85
"364","04","013","114500",6203,2294,231,73,3539,66
"365","04","013","114600",2109,728,52,18,1303,8
"366","04","013","114701",917,240,27,0,650,0
"367","04","013","114702",819,211,56,39,513,0
"368","04","013","114703",6911,3347,586,289,2662,27
"369","04","013","114800",3216,1097,835,138,1130,16
"370","04","013","114900",2993,1836,283,55,726,93
"371","04","013","115000",3142,886,57,128,2071,0
"372","04","013","115100",187,103,0,0,76,8
"373","04","013","115200",3017,615,1015,74,1307,6
"374","04","013","115300",2490,993,524,28,941,4
"375","04","013","115400",2879,1627,8,8,1236,0
"376","04","013","115500",4051,2252,175,125,1472,27
"377","04","013","115600",2600,1021,1034,64,460,21
"378","04","013","115700",5194,3311,243,104,1497,39
"379","04","013","115801",4629,2726,579,47,1272,5
"380","04","013","115802",2841,1782,51,26,948,34
"381","04","013","115900",4118,2136,792,50,1140,0
"382","04","013","116000",4711,703,2571,124,1313,0
"383","04","013","116100",3987,920,662,14,2391,0
"384","04","013","116202",5256,2195,758,22,1965,316
"385","04","013","116203",1981,1249,303,47,345,37
"386","04","013","116204",3839,1419,613,116,1657,34
"387","04","013","116205",4270,2696,487,76,930,81
"388","04","013","116300",6357,1607,2463,62,2181,44
"389","04","013","116400",4711,1932,551,23,2124,81
"390","04","013","116500",4786,2571,549,66,1534,66
"391","04","013","116601",5788,4078,190,90,1362,68
"392","04","013","116602",3369,1461,403,49,1405,51
"393","04","013","116702",7436,3005,1048,90,3199,94
"394","04","013","116703",3063,1024,594,92,1269,84
"395","04","013","116704",5500,2792,1202,184,1183,139
"396","04","013","116705",3235,2162,157,62,807,47
"397","04","013","116707",3069,2853,34,67,99,16
"398","04","013","116708",5406,5035,68,19,211,73
"399","04","013","116709",2343,1872,159,0,167,145
"400","04","013","116710",5041,4463,134,20,227,197
"401","04","013","116711",1986,1625,157,15,123,66
"402","04","013","116712",5250,4372,243,106,267,262
"403","04","013","116713",6638,5653,266,8,317,394
"404","04","013","116714",3768,3230,173,73,273,19
"405","04","013","116715",2326,2068,80,0,118,60
"406","04","013","116717",3485,2862,135,134,278,76
"407","04","013","116718",1788,1405,90,21,167,105
"408","04","013","116719",6842,5510,391,90,429,422
"409","04","013","116720",3719,3102,167,26,237,187
"410","04","013","116721",3987,3423,105,3,242,214
"411","04","013","116725",4441,3994,42,93,216,96
"412","04","013","116726",2908,2512,161,7,117,111
"413","04","013","116727",3692,3150,94,6,136,306
"414","04","013","116728",4345,3828,121,0,214,182
"415","04","013","116729",4927,4523,129,21,72,182
"416","04","013","216802",6110,5663,114,48,168,117
"417","04","013","216806",3087,2952,18,8,37,72
"418","04","013","216807",5353,5027,46,42,34,204
"419","04","013","216809",4456,4165,26,8,185,72
"420","04","013","216810",1398,1353,0,0,12,33
"421","04","013","216811",7152,6831,41,58,54,168
"422","04","013","216812",4846,4637,50,52,83,24
"423","04","013","216813",4137,3907,30,9,54,137
"424","04","013","216814",9122,8518,107,82,278,137
"425","04","013","216815",9355,8773,27,41,56,458
"426","04","013","216816",5733,5425,33,12,112,151
"427","04","013","216817",0,0,0,0,0,0
"428","04","013","216818",5976,5624,63,84,184,21
"429","04","013","216819",5592,5343,26,21,133,69
"430","04","013","216820",4116,3927,48,36,85,20
"431","04","013","216821",4541,4306,35,20,92,88
"432","04","013","216822",2568,2454,20,0,94,0
"433","04","013","216823",6419,6114,28,0,129,148
"434","04","013","216824",5523,5137,78,15,155,138
"435","04","013","216825",14658,13747,127,38,351,395
"436","04","013","216826",5117,4833,32,23,109,120
"437","04","013","216827",10969,10155,143,8,283,380
"438","04","013","216828",7731,7446,105,0,66,114
"439","04","013","216829",2321,2237,19,7,15,43
"440","04","013","216901",2831,2722,24,18,35,32
"441","04","013","216902",4030,3862,41,9,89,29
"442","04","013","217001",4287,4048,14,64,154,7
"443","04","013","217002",5708,5328,10,15,241,114
"444","04","013","217101",2827,2462,7,25,262,71
"445","04","013","217102",2801,2557,61,14,130,39
"446","04","013","217201",836,790,0,0,36,10
"447","04","013","217202",6889,6126,80,14,429,240
"448","04","013","217300",2445,2311,38,0,59,37
"449","04","013","217400",3398,3145,22,53,140,38
"450","04","013","217500",6827,5318,184,81,1155,89
"451","04","013","217600",4673,4093,98,116,225,141
"452","04","013","217700",5222,4869,7,20,270,56
"453","04","013","217800",6293,5623,101,32,383,154
"454","04","013","217900",3833,3430,51,11,242,99
"455","04","013","218000",5614,4622,123,66,701,102
"456","04","013","218100",2002,1674,48,19,196,65
"457","04","013","218200",5825,4607,122,204,836,56
"458","04","013","218300",4694,4201,181,0,255,57
"459","04","013","318400",4446,3346,126,97,761,116
"460","04","013","318501",3289,2891,29,11,217,141
"461","04","013","318502",2138,1774,30,6,296,32
"462","04","013","318600",0,0,0,0,0,0
"463","04","013","318700",2739,2313,113,16,151,146
"464","04","013","318800",6239,4209,307,205,1177,341
"465","04","013","318900",6753,5345,224,204,813,167
"466","04","013","319000",3823,3291,59,74,192,207
"467","04","013","319101",3152,1431,226,71,373,1051
"468","04","013","319102",10084,6961,310,212,1441,1160
"469","04","013","319200",9357,5779,266,463,2531,318
"470","04","013","319300",1903,1135,11,59,605,93
"471","04","013","319401",5621,4649,328,106,394,144
"472","04","013","319402",4325,3661,159,35,304,166
"473","04","013","319403",5009,4081,123,80,538,187
"474","04","013","319404",3472,3108,82,49,193,40
"475","04","013","319500",5584,4853,31,44,416,240
"476","04","013","319600",5652,4632,180,64,658,118
"477","04","013","319702",8382,5584,438,502,1501,357
"478","04","013","319703",4094,3143,177,162,509,103
"479","04","013","319704",1199,902,41,61,151,44
"480","04","013","319800",7057,5195,420,215,881,346
"481","04","013","319902",2720,2251,143,39,251,36
"482","04","013","319903",6048,5251,130,7,425,235
"483","04","013","319904",5387,4627,147,49,471,93
"484","04","013","319905",5382,4565,200,39,334,244
"485","04","013","319906",3032,2675,80,32,122,123
"486","04","013","319907",2504,2307,71,7,85,34
"487","04","013","319908",2311,1906,70,6,193,136
"488","04","013","319909",2501,2389,32,0,22,58
"489","04","013","319910",3894,3154,103,0,173,464
"490","04","013","320001",5948,4158,568,131,807,284
"491","04","013","320002",5228,938,34,2189,2052,15
"492","04","013","320007",5950,4057,317,225,965,386
"493","04","013","420101",5037,4710,54,11,196,66
"494","04","013","420102",4326,4026,0,20,273,7
"495","04","013","420103",4254,3787,8,84,314,61
"496","04","013","420104",4235,3732,72,0,365,66
"497","04","013","420105",3967,3613,79,0,257,18
"498","04","013","420106",9333,8463,191,39,568,72
"499","04","013","420202",4871,4539,87,47,150,48
"500","04","013","420203",5031,4774,51,31,127,48
"501","04","013","420204",5411,5044,15,21,203,128
"502","04","013","420206",4269,4097,70,35,67,0
"503","04","013","420207",2959,2846,13,6,69,25
"504","04","013","420208",5672,4966,28,125,441,112
"505","04","013","420209",4486,4170,63,12,179,62
"506","04","013","420210",5570,5045,147,85,179,114
"507","04","013","420211",4322,4095,59,6,56,106
"508","04","013","420212",2858,2695,0,12,139,12
"509","04","013","420301",2134,2049,18,0,30,37
"510","04","013","420302",5014,4576,38,0,269,131
"511","04","013","420303",4110,3552,0,0,451,107
"512","04","013","420304",856,805,14,9,28,0
"513","04","013","420400",6462,5318,107,119,884,34
"514","04","013","420501",6372,4673,235,141,1298,25
"515","04","013","420502",6927,5957,172,101,560,137
"516","04","013","420602",5226,4748,119,54,279,26
"517","04","013","420603",4048,3660,45,30,234,79
"518","04","013","420604",4755,4377,52,21,264,41
"519","04","013","420702",5680,5232,61,30,230,127
"520","04","013","420703",5547,5002,114,35,316,80
"521","04","013","420704",5345,4692,82,46,424,101
"522","04","013","420705",2390,2233,23,0,96,38
"523","04","013","420706",4447,4045,70,9,270,53
"524","04","013","420800",5354,4371,160,48,710,65
"525","04","013","420901",3431,2697,94,213,427,0
"526","04","013","420902",3350,2998,88,0,213,51
"527","04","013","421000",7047,5447,398,128,1034,40
"528","04","013","421101",4136,3258,60,210,608,0
"529","04","013","421102",6405,4842,234,149,1170,10
"530","04","013","421201",2985,2158,47,117,484,179
"531","04","013","421202",5079,3868,150,78,885,98
"532","04","013","421301",8102,5465,424,389,1619,205
"533","04","013","421302",6407,3745,207,117,2212,126
"534","04","013","421400",2864,2071,69,61,658,5
"535","04","013","421501",3883,2989,76,30,775,13
"536","04","013","421502",3439,2605,86,133,615,0
"537","04","013","421601",3114,2478,43,47,512,34
"538","04","013","421602",4427,2974,35,139,1279,0
"539","04","013","421700",7661,6027,153,111,1320,50
"540","04","013","421801",2795,1827,15,8,846,99
"541","04","013","421802",5122,3397,158,93,1444,30
"542","04","013","421901",4025,2567,171,56,1213,18
"543","04","013","421902",6239,3508,103,42,2489,97
"544","04","013","422001",4578,2303,53,126,2090,6
"545","04","013","422002",3861,2147,43,104,1511,56
"546","04","013","422102",4541,2906,187,79,1219,150
"547","04","013","422103",4815,2876,422,652,632,233
"548","04","013","422104",6317,4223,328,289,1205,272
"549","04","013","422105",2856,2097,215,61,447,36
"550","04","013","422106",5204,3253,378,239,1252,82
"551","04","013","422107",4027,2723,159,204,826,115
"552","04","013","422203",4448,3298,237,17,717,179
"553","04","013","422204",3116,2553,134,30,285,114
"554","04","013","422205",1791,1595,76,15,79,26
"555","04","013","422209",5965,4710,243,117,630,265
"556","04","013","422210",5826,4664,199,75,701,187
"557","04","013","422211",2961,2677,78,62,69,75
"558","04","013","422212",4677,4095,120,9,338,115
"559","04","013","422213",2668,2204,76,113,185,90
"560","04","013","422214",7084,5865,161,56,707,295
"561","04","013","422215",2220,1857,51,29,211,72
"562","04","013","422216",5930,4959,132,63,467,309
"563","04","013","422217",3983,3349,211,0,358,65
"564","04","013","422218",3480,2901,68,105,319,87
"565","04","013","422219",3220,2608,83,87,381,61
"566","04","013","422220",2207,1945,80,0,111,71
"567","04","013","422301",5804,3374,240,183,1983,24
"568","04","013","422302",5446,4365,165,70,775,71
"569","04","013","422304",1650,1400,127,0,85,38
"570","04","013","422305",5384,4524,96,16,470,278
"571","04","013","422307",4749,3860,164,50,473,202
"572","04","013","422308",5597,4457,73,0,674,393
"573","04","013","422309",4847,3868,126,76,370,407
"574","04","013","422401",3230,2428,149,70,521,62
"575","04","013","422402",5530,4711,26,103,570,120
"576","04","013","422403",5695,4860,93,37,452,253
"577","04","013","422404",4517,4025,93,28,257,114
"578","04","013","422501",6292,5516,164,55,511,46
"579","04","013","422502",5619,4855,123,101,486,54
"580","04","013","422503",6584,5204,164,169,931,116
"581","04","013","422504",5032,4308,148,21,374,181
"582","04","013","422506",5627,5009,61,17,367,173
"583","04","013","422507",4783,4300,60,60,224,139
"584","04","013","422508",3942,3490,103,0,321,28
"585","04","013","422509",5778,5076,164,29,367,142
"586","04","013","422510",3142,2802,0,0,203,137
"587","04","013","422511",2711,2381,36,0,145,149
"588","04","013","422512",5379,4636,82,79,399,183
"589","04","013","422513",4534,4098,79,3,332,22
"590","04","013","422514",3863,3415,129,17,262,40
"591","04","013","422601",4132,3543,52,119,359,59
"592","04","013","422602",5089,4515,96,52,311,115
"593","04","013","422603",5906,5547,42,48,269,0
"594","04","013","422604",5354,4842,19,22,458,13
"595","04","013","422605",5235,4614,39,0,495,87
"596","04","013","422606",3766,3326,88,0,235,117
"597","04","013","422607",4496,4363,0,20,87,26
"598","04","013","422608",10595,9717,89,27,515,247
"599","04","013","422609",3809,3401,72,3,244,89
"600","04","013","422610",3066,3019,0,0,36,11
"601","04","013","422611",9750,8522,112,67,990,59
"602","04","013","422612",5337,4809,90,0,337,101
"603","04","013","422614",5973,5324,118,155,350,26
"604","04","013","422615",2733,2391,4,0,202,136
"605","04","013","422616",2290,1941,48,0,265,36
"606","04","013","422617",6432,5676,156,33,387,180
"607","04","013","422618",3431,3412,0,0,0,19
"608","04","013","422619",4690,4022,215,0,419,34
"609","04","013","522703",1105,960,0,60,85,0
"610","04","013","522708",11126,10920,97,22,53,34
"611","04","013","522709",1604,1375,0,26,15,188
"612","04","013","522711",6963,5734,251,29,433,516
"613","04","013","522712",2258,1674,49,51,467,17
"614","04","013","522713",5969,4978,160,26,447,358
"615","04","013","522714",3741,2993,134,64,109,441
"616","04","013","522715",803,463,40,0,300,0
"617","04","013","522716",1382,1144,17,36,109,76
"618","04","013","522717",7827,6809,252,82,350,334
"619","04","013","522718",5841,4650,230,8,616,337
"620","04","013","522719",3548,2823,76,76,537,36
"621","04","013","522720",7017,6287,138,18,129,445
"622","04","013","522721",5051,3845,217,20,445,524
"623","04","013","522722",5377,4425,157,57,320,418
"624","04","013","522723",6083,5047,199,39,487,311
"625","04","013","522724",2899,2525,128,41,165,40
"626","04","013","522725",3371,2781,85,37,184,284
"627","04","013","522726",7073,5722,385,55,462,449
"628","04","013","522727",3153,2721,116,0,204,112
"629","04","013","522729",4401,3382,124,45,797,53
"630","04","013","522730",4814,3969,127,20,338,360
"631","04","013","522731",4984,4220,100,103,348,213
"632","04","013","522732",2265,1697,18,64,325,161
"633","04","013","522735",1922,1809,0,0,105,8
"634","04","013","522736",4729,3892,101,147,559,30
"635","04","013","522737",2791,2716,22,9,0,44
"636","04","013","522738",3019,2546,15,18,235,205
"637","04","013","522739",3901,3254,123,30,356,138
"638","04","013","522740",4437,3699,172,44,399,123
"639","04","013","522741",3832,3250,172,0,262,148
"640","04","013","522742",3065,2836,21,47,121,40
"641","04","013","522743",6017,5102,153,125,485,152
"642","04","013","522744",3266,2745,63,51,293,114
"643","04","013","522745",4816,4215,50,16,526,9
"644","04","013","522746",2675,2238,0,9,415,13
"645","04","013","522747",3531,2888,0,54,577,12
"646","04","013","522748",1803,1568,95,0,81,59
"647","04","013","522749",644,494,12,0,97,41
"648","04","013","522757",518,481,0,0,37,0
"649","04","013","522800",1079,722,40,101,216,0
"650","04","013","522901",3672,2931,141,24,420,156
"651","04","013","522902",9209,4653,409,49,3940,158
"652","04","013","523002",6611,4435,251,27,1841,57
"653","04","013","523003",6320,4664,201,51,1212,192
"654","04","013","523005",4911,4105,99,56,426,225
"655","04","013","523006",5981,4525,257,0,907,292
"656","04","013","523102",5595,3023,365,86,2009,112
"657","04","013","523103",6546,4835,279,163,930,339
"658","04","013","523104",6423,3215,200,104,2739,165
"659","04","013","723301",2911,2548,142,36,153,32
"660","04","013","723302",5417,3194,71,536,1592,24
"661","04","013","940700",176,0,0,176,0,0
"662","04","013","941000",2662,71,0,2502,73,16
"663","04","013","941100",34,0,0,0,34,0
